#,emoji,name,sentiment_score
1,ğŸ˜€,grinning face,0.36
2,ğŸ˜ƒ,grinning face with big eyes,0.36
3,ğŸ˜„,grinning face with smiling eyes,0.67
4,ğŸ˜,beaming face with smiling eyes,0.46
5,ğŸ˜†,grinning squinting face,0.36
6,ğŸ˜…,grinning face with sweat,0.36
7,ğŸ¤£,rolling on the floor laughing,0.49
8,ğŸ˜‚,face with tears of joy,0.44
9,ğŸ™‚,slightly smiling face,0.4
10,ğŸ™ƒ,upside-down face,0.0
11,ğŸ˜‰,winking face,0.0
12,ğŸ˜Š,smiling face with smiling eyes,0.72
13,ğŸ˜‡,smiling face with halo,0.46
14,ğŸ¥°,smiling face with hearts,0.46
15,ğŸ˜,smiling face with heart-eyes,0.46
16,ğŸ¤©,star-struck,0.0
17,ğŸ˜˜,face blowing a kiss,0.42
18,ğŸ˜—,kissing face,0.57
19,â˜º,smiling face,0.46
20,ğŸ˜š,kissing face with closed eyes,0.57
21,ğŸ˜™,kissing face with smiling eyes,0.77
22,ğŸ¥²,smiling face with tear,0.46
23,ğŸ˜‹,face savoring food,0.0
24,ğŸ˜›,face with tongue,0.0
25,ğŸ˜œ,winking face with tongue,0.0
26,ğŸ¤ª,zany face,0.0
27,ğŸ˜,squinting face with tongue,0.0
28,ğŸ¤‘,money-mouth face,0.0
29,ğŸ¤—,hugging face,0.42
30,ğŸ¤­,face with hand over mouth,0.49
31,ğŸ¤«,shushing face,0.0
32,ğŸ¤”,thinking face,0.0
33,ğŸ¤,zipper-mouth face,0.0
34,ğŸ¤¨,face with raised eyebrow,0.0
35,ğŸ˜,neutral face,0.0
36,ğŸ˜‘,expressionless face,0.0
37,ğŸ˜¶,face without mouth,0.0
38,ğŸ˜¶â€ğŸŒ«ï¸,âŠ› face in clouds,0.0
39,ğŸ˜,smirking face,0.0
40,ğŸ˜’,unamused face,0.0
41,ğŸ™„,face with rolling eyes,0.0
42,ğŸ˜¬,grimacing face,-0.34
43,ğŸ˜®â€ğŸ’¨,âŠ› face exhaling,0.0
44,ğŸ¤¥,lying face,-0.53
45,ğŸ˜Œ,relieved face,0.38
46,ğŸ˜”,pensive face,0.08
47,ğŸ˜ª,sleepy face,0.0
48,ğŸ¤¤,drooling face,0.0
49,ğŸ˜´,sleeping face,0.0
50,ğŸ˜·,face with medical mask,0.0
51,ğŸ¤’,face with thermometer,0.0
52,ğŸ¤•,face with head-bandage,0.0
53,ğŸ¤¢,nauseated face,0.0
54,ğŸ¤®,face vomiting,0.0
55,ğŸ¤§,sneezing face,0.0
56,ğŸ¥µ,hot face,0.0
57,ğŸ¥¶,cold face,0.0
58,ğŸ¥´,woozy face,0.0
59,ğŸ˜µ,knocked-out face,0.0
60,ğŸ˜µâ€ğŸ’«,âŠ› face with spiral eyes,0.0
61,ğŸ¤¯,exploding head,0.0
62,ğŸ¤ ,cowboy hat face,0.0
63,ğŸ¥³,partying face,0.38
64,ğŸ¥¸,disguised face,-0.27
65,ğŸ˜,smiling face with sunglasses,0.46
66,ğŸ¤“,nerd face,-0.3
67,ğŸ§,face with monocle,0.0
68,ğŸ˜•,confused face,-0.32
69,ğŸ˜Ÿ,worried face,-0.3
70,ğŸ™,slightly frowning face,-0.27
71,â˜¹,frowning face,-0.34
72,ğŸ˜®,face with open mouth,0.0
73,ğŸ˜¯,hushed face,0.0
74,ğŸ˜²,astonished face,0.38
75,ğŸ˜³,flushed face,0.0
76,ğŸ¥º,pleading face,0.0
77,ğŸ˜¦,frowning face with open mouth,-0.34
78,ğŸ˜§,anguished face,-0.42
79,ğŸ˜¨,fearful face,-0.49
80,ğŸ˜°,anxious face with sweat,-0.25
81,ğŸ˜¥,sad but relieved face,0.33
82,ğŸ˜¢,crying face,-0.48
83,ğŸ˜­,loudly crying face,-0.48
84,ğŸ˜±,face screaming in fear,-0.7
85,ğŸ˜–,confounded face,0.0
86,ğŸ˜£,persevering face,0.0
87,ğŸ˜,disappointed face,-0.48
88,ğŸ˜“,downcast face with sweat,-0.42
89,ğŸ˜©,weary face,-0.27
90,ğŸ˜«,tired face,-0.44
91,ğŸ¥±,yawning face,0.0
92,ğŸ˜¤,face with steam from nose,0.0
93,ğŸ˜¡,pouting face,0.0
94,ğŸ˜ ,angry face,-0.51
95,ğŸ¤¬,face with symbols on mouth,0.0
96,ğŸ˜ˆ,smiling face with horns,0.46
97,ğŸ‘¿,angry face with horns,-0.51
98,ğŸ’€,skull,0.0
99,â˜ ,skull and crossbones,0.0
100,ğŸ’©,pile of poo,0.0
101,ğŸ¤¡,clown face,0.0
102,ğŸ‘¹,ogre,0.0
103,ğŸ‘º,goblin,0.0
104,ğŸ‘»,ghost,-0.32
105,ğŸ‘½,alien,0.0
106,ğŸ‘¾,alien monster,0.0
107,ğŸ¤–,robot,0.0
108,ğŸ˜º,grinning cat,0.36
109,ğŸ˜¸,grinning cat with smiling eyes,0.67
110,ğŸ˜¹,cat with tears of joy,0.44
111,ğŸ˜»,smiling cat with heart-eyes,0.46
112,ğŸ˜¼,cat with wry smile,0.36
113,ğŸ˜½,kissing cat,0.57
114,ğŸ™€,weary cat,-0.27
115,ğŸ˜¿,crying cat,-0.48
116,ğŸ˜¾,pouting cat,0.0
117,ğŸ™ˆ,see-no-evil monkey,0.0
118,ğŸ™‰,hear-no-evil monkey,0.0
119,ğŸ™Š,speak-no-evil monkey,0.0
120,ğŸ’‹,kiss mark,0.42
121,ğŸ’Œ,love letter,0.64
122,ğŸ’˜,heart with arrow,0.0
123,ğŸ’,heart with ribbon,0.0
124,ğŸ’–,sparkling heart,0.3
125,ğŸ’—,growing heart,0.18
126,ğŸ’“,beating heart,-0.46
127,ğŸ’,revolving hearts,0.0
128,ğŸ’•,two hearts,0.0
129,ğŸ’Ÿ,heart decoration,0.0
130,â£,heart exclamation,0.0
131,ğŸ’”,broken heart,-0.48
132,â¤ï¸â€ğŸ”¥,âŠ› heart on fire,-0.34
133,â¤ï¸â€ğŸ©¹,âŠ› mending heart,0.0
134,â¤,red heart,0.0
135,ğŸ§¡,orange heart,0.0
136,ğŸ’›,yellow heart,0.0
137,ğŸ’š,green heart,0.0
138,ğŸ’™,blue heart,0.0
139,ğŸ’œ,purple heart,0.0
140,ğŸ¤,brown heart,0.0
141,ğŸ–¤,black heart,0.0
142,ğŸ¤,white heart,0.0
143,ğŸ’¯,hundred points,0.0
144,ğŸ’¢,anger symbol,-0.57
145,ğŸ’¥,collision,-0.36
146,ğŸ’«,dizzy,-0.23
147,ğŸ’¦,sweat droplets,0.0
148,ğŸ’¨,dashing away,0.0
149,ğŸ•³,hole,0.0
150,ğŸ’£,bomb,-0.49
151,ğŸ’¬,speech balloon,0.0
152,ğŸ‘ï¸â€ğŸ—¨ï¸,eye in speech bubble,0.0
153,ğŸ—¨,left speech bubble,0.0
154,ğŸ—¯,right anger bubble,-0.57
155,ğŸ’­,thought balloon,0.0
156,ğŸ’¤,zzz,-0.3
157,ğŸ‘‹,waving hand,0.49
158,ğŸ¤š,raised back of hand,0.49
159,ğŸ–,hand with fingers splayed,0.49
160,âœ‹,raised hand,0.49
161,ğŸ––,vulcan salute,0.0
162,ğŸ‘Œ,OK hand,0.73
163,ğŸ¤Œ,pinched fingers,0.0
164,ğŸ¤,pinching hand,0.49
165,âœŒ,victory hand,0.49
166,ğŸ¤,crossed fingers,0.0
167,ğŸ¤Ÿ,love-you gesture,0.0
168,ğŸ¤˜,sign of the horns,0.0
169,ğŸ¤™,call me hand,0.49
170,ğŸ‘ˆ,backhand index pointing left,0.0
171,ğŸ‘‰,backhand index pointing right,0.0
172,ğŸ‘†,backhand index pointing up,0.0
173,ğŸ–•,middle finger,0.0
174,ğŸ‘‡,backhand index pointing down,0.0
175,â˜,index pointing up,0.0
176,ğŸ‘,thumbs up,0.0
177,ğŸ‘,thumbs down,0.0
178,âœŠ,raised fist,0.0
179,ğŸ‘Š,oncoming fist,0.0
180,ğŸ¤›,left-facing fist,0.0
181,ğŸ¤œ,right-facing fist,0.0
182,ğŸ‘,clapping hands,0.0
183,ğŸ™Œ,raising hands,0.0
184,ğŸ‘,open hands,0.0
185,ğŸ¤²,palms up together,0.0
186,ğŸ¤,handshake,0.0
187,ğŸ™,folded hands,0.0
188,âœ,writing hand,0.49
189,ğŸ’…,nail polish,0.0
190,ğŸ¤³,selfie,0.0
191,ğŸ’ª,flexed biceps,0.0
192,ğŸ¦¾,mechanical arm,0.0
193,ğŸ¦¿,mechanical leg,0.0
194,ğŸ¦µ,leg,0.0
195,ğŸ¦¶,foot,0.0
196,ğŸ‘‚,ear,0.0
197,ğŸ¦»,ear with hearing aid,0.0
198,ğŸ‘ƒ,nose,0.0
199,ğŸ§ ,brain,0.0
200,ğŸ«€,anatomical heart,0.0
201,ğŸ«,lungs,0.0
202,ğŸ¦·,tooth,0.0
203,ğŸ¦´,bone,0.0
204,ğŸ‘€,eyes,0.0
205,ğŸ‘,eye,0.0
206,ğŸ‘…,tongue,0.0
207,ğŸ‘„,mouth,0.0
208,ğŸ‘¶,baby,0.0
209,ğŸ§’,child,0.0
210,ğŸ‘¦,boy,0.0
211,ğŸ‘§,girl,0.0
212,ğŸ§‘,person,0.0
213,ğŸ‘±,person: blond hair,0.0
214,ğŸ‘¨,man,0.0
215,ğŸ§”,person: beard,0.0
216,ğŸ§”â€â™‚ï¸,âŠ› man: beard,0.0
217,ğŸ§”â€â™€ï¸,âŠ› woman: beard,0.0
218,ğŸ‘¨â€ğŸ¦°,man: red hair,0.0
219,ğŸ‘¨â€ğŸ¦±,man: curly hair,0.0
220,ğŸ‘¨â€ğŸ¦³,man: white hair,0.0
221,ğŸ‘¨â€ğŸ¦²,man: bald,0.0
222,ğŸ‘©,woman,0.0
223,ğŸ‘©â€ğŸ¦°,woman: red hair,0.0
224,ğŸ§‘â€ğŸ¦°,person: red hair,0.0
225,ğŸ‘©â€ğŸ¦±,woman: curly hair,0.0
226,ğŸ§‘â€ğŸ¦±,person: curly hair,0.0
227,ğŸ‘©â€ğŸ¦³,woman: white hair,0.0
228,ğŸ§‘â€ğŸ¦³,person: white hair,0.0
229,ğŸ‘©â€ğŸ¦²,woman: bald,0.0
230,ğŸ§‘â€ğŸ¦²,person: bald,0.0
231,ğŸ‘±â€â™€ï¸,woman: blond hair,0.0
232,ğŸ‘±â€â™‚ï¸,man: blond hair,0.0
233,ğŸ§“,older person,0.0
234,ğŸ‘´,old man,0.0
235,ğŸ‘µ,old woman,0.0
236,ğŸ™,person frowning,-0.34
237,ğŸ™â€â™‚ï¸,man frowning,-0.34
238,ğŸ™â€â™€ï¸,woman frowning,-0.34
239,ğŸ™,person pouting,0.0
240,ğŸ™â€â™‚ï¸,man pouting,0.0
241,ğŸ™â€â™€ï¸,woman pouting,0.0
242,ğŸ™…,person gesturing NO,-0.45
243,ğŸ™…â€â™‚ï¸,man gesturing NO,-0.45
244,ğŸ™…â€â™€ï¸,woman gesturing NO,-0.45
245,ğŸ™†,person gesturing OK,0.45
246,ğŸ™†â€â™‚ï¸,man gesturing OK,0.45
247,ğŸ™†â€â™€ï¸,woman gesturing OK,0.45
248,ğŸ’,person tipping hand,0.49
249,ğŸ’â€â™‚ï¸,man tipping hand,0.49
250,ğŸ’â€â™€ï¸,woman tipping hand,0.49
251,ğŸ™‹,person raising hand,0.49
252,ğŸ™‹â€â™‚ï¸,man raising hand,0.49
253,ğŸ™‹â€â™€ï¸,woman raising hand,0.49
254,ğŸ§,deaf person,0.0
255,ğŸ§â€â™‚ï¸,deaf man,0.0
256,ğŸ§â€â™€ï¸,deaf woman,0.0
257,ğŸ™‡,person bowing,0.0
258,ğŸ™‡â€â™‚ï¸,man bowing,0.0
259,ğŸ™‡â€â™€ï¸,woman bowing,0.0
260,ğŸ¤¦,person facepalming,0.0
261,ğŸ¤¦â€â™‚ï¸,man facepalming,0.0
262,ğŸ¤¦â€â™€ï¸,woman facepalming,0.0
263,ğŸ¤·,person shrugging,0.0
264,ğŸ¤·â€â™‚ï¸,man shrugging,0.0
265,ğŸ¤·â€â™€ï¸,woman shrugging,0.0
266,ğŸ§‘â€âš•ï¸,health worker,0.0
267,ğŸ‘¨â€âš•ï¸,man health worker,0.0
268,ğŸ‘©â€âš•ï¸,woman health worker,0.0
269,ğŸ§‘â€ğŸ“,student,0.0
270,ğŸ‘¨â€ğŸ“,man student,0.0
271,ğŸ‘©â€ğŸ“,woman student,0.0
272,ğŸ§‘â€ğŸ«,teacher,0.0
273,ğŸ‘¨â€ğŸ«,man teacher,0.0
274,ğŸ‘©â€ğŸ«,woman teacher,0.0
275,ğŸ§‘â€âš–ï¸,judge,0.0
276,ğŸ‘¨â€âš–ï¸,man judge,0.0
277,ğŸ‘©â€âš–ï¸,woman judge,0.0
278,ğŸ§‘â€ğŸŒ¾,farmer,0.0
279,ğŸ‘¨â€ğŸŒ¾,man farmer,0.0
280,ğŸ‘©â€ğŸŒ¾,woman farmer,0.0
281,ğŸ§‘â€ğŸ³,cook,0.0
282,ğŸ‘¨â€ğŸ³,man cook,0.0
283,ğŸ‘©â€ğŸ³,woman cook,0.0
284,ğŸ§‘â€ğŸ”§,mechanic,0.0
285,ğŸ‘¨â€ğŸ”§,man mechanic,0.0
286,ğŸ‘©â€ğŸ”§,woman mechanic,0.0
287,ğŸ§‘â€ğŸ­,factory worker,0.0
288,ğŸ‘¨â€ğŸ­,man factory worker,0.0
289,ğŸ‘©â€ğŸ­,woman factory worker,0.0
290,ğŸ§‘â€ğŸ’¼,office worker,0.0
291,ğŸ‘¨â€ğŸ’¼,man office worker,0.0
292,ğŸ‘©â€ğŸ’¼,woman office worker,0.0
293,ğŸ§‘â€ğŸ”¬,scientist,0.0
294,ğŸ‘¨â€ğŸ”¬,man scientist,0.0
295,ğŸ‘©â€ğŸ”¬,woman scientist,0.0
296,ğŸ§‘â€ğŸ’»,technologist,0.0
297,ğŸ‘¨â€ğŸ’»,man technologist,0.0
298,ğŸ‘©â€ğŸ’»,woman technologist,0.0
299,ğŸ§‘â€ğŸ¤,singer,0.0
300,ğŸ‘¨â€ğŸ¤,man singer,0.0
301,ğŸ‘©â€ğŸ¤,woman singer,0.0
302,ğŸ§‘â€ğŸ¨,artist,0.0
303,ğŸ‘¨â€ğŸ¨,man artist,0.0
304,ğŸ‘©â€ğŸ¨,woman artist,0.0
305,ğŸ§‘â€âœˆï¸,pilot,0.0
306,ğŸ‘¨â€âœˆï¸,man pilot,0.0
307,ğŸ‘©â€âœˆï¸,woman pilot,0.0
308,ğŸ§‘â€ğŸš€,astronaut,0.0
309,ğŸ‘¨â€ğŸš€,man astronaut,0.0
310,ğŸ‘©â€ğŸš€,woman astronaut,0.0
311,ğŸ§‘â€ğŸš’,firefighter,0.0
312,ğŸ‘¨â€ğŸš’,man firefighter,0.0
313,ğŸ‘©â€ğŸš’,woman firefighter,0.0
314,ğŸ‘®,police officer,0.0
315,ğŸ‘®â€â™‚ï¸,man police officer,0.0
316,ğŸ‘®â€â™€ï¸,woman police officer,0.0
317,ğŸ•µ,detective,0.0
318,ğŸ•µï¸â€â™‚ï¸,man detective,0.0
319,ğŸ•µï¸â€â™€ï¸,woman detective,0.0
320,ğŸ’‚,guard,0.0
321,ğŸ’‚â€â™‚ï¸,man guard,0.0
322,ğŸ’‚â€â™€ï¸,woman guard,0.0
323,ğŸ¥·,ninja,0.0
324,ğŸ‘·,construction worker,0.0
325,ğŸ‘·â€â™‚ï¸,man construction worker,0.0
326,ğŸ‘·â€â™€ï¸,woman construction worker,0.0
327,ğŸ¤´,prince,0.0
328,ğŸ‘¸,princess,0.0
329,ğŸ‘³,person wearing turban,0.0
330,ğŸ‘³â€â™‚ï¸,man wearing turban,0.0
331,ğŸ‘³â€â™€ï¸,woman wearing turban,0.0
332,ğŸ‘²,person with skullcap,0.0
333,ğŸ§•,woman with headscarf,0.0
334,ğŸ¤µ,person in tuxedo,0.0
335,ğŸ¤µâ€â™‚ï¸,man in tuxedo,0.0
336,ğŸ¤µâ€â™€ï¸,woman in tuxedo,0.0
337,ğŸ‘°,person with veil,0.0
338,ğŸ‘°â€â™‚ï¸,man with veil,0.0
339,ğŸ‘°â€â™€ï¸,woman with veil,0.0
340,ğŸ¤°,pregnant woman,0.0
341,ğŸ¤±,breast-feeding,0.0
342,ğŸ‘©â€ğŸ¼,woman feeding baby,0.0
343,ğŸ‘¨â€ğŸ¼,man feeding baby,0.0
344,ğŸ§‘â€ğŸ¼,person feeding baby,0.0
345,ğŸ‘¼,baby angel,0.0
346,ğŸ…,Santa Claus,0.0
347,ğŸ¤¶,Mrs. Claus,0.0
348,ğŸ§‘â€ğŸ„,mx claus,0.0
349,ğŸ¦¸,superhero,0.0
350,ğŸ¦¸â€â™‚ï¸,man superhero,0.0
351,ğŸ¦¸â€â™€ï¸,woman superhero,0.0
352,ğŸ¦¹,supervillain,0.0
353,ğŸ¦¹â€â™‚ï¸,man supervillain,0.0
354,ğŸ¦¹â€â™€ï¸,woman supervillain,0.0
355,ğŸ§™,mage,0.0
356,ğŸ§™â€â™‚ï¸,man mage,0.0
357,ğŸ§™â€â™€ï¸,woman mage,0.0
358,ğŸ§š,fairy,0.0
359,ğŸ§šâ€â™‚ï¸,man fairy,0.0
360,ğŸ§šâ€â™€ï¸,woman fairy,0.0
361,ğŸ§›,vampire,0.0
362,ğŸ§›â€â™‚ï¸,man vampire,0.0
363,ğŸ§›â€â™€ï¸,woman vampire,0.0
364,ğŸ§œ,merperson,0.0
365,ğŸ§œâ€â™‚ï¸,merman,0.0
366,ğŸ§œâ€â™€ï¸,mermaid,0.0
367,ğŸ§,elf,0.0
368,ğŸ§â€â™‚ï¸,man elf,0.0
369,ğŸ§â€â™€ï¸,woman elf,0.0
370,ğŸ§,genie,0.0
371,ğŸ§â€â™‚ï¸,man genie,0.0
372,ğŸ§â€â™€ï¸,woman genie,0.0
373,ğŸ§Ÿ,zombie,0.0
374,ğŸ§Ÿâ€â™‚ï¸,man zombie,0.0
375,ğŸ§Ÿâ€â™€ï¸,woman zombie,0.0
376,ğŸ’†,person getting massage,0.0
377,ğŸ’†â€â™‚ï¸,man getting massage,0.0
378,ğŸ’†â€â™€ï¸,woman getting massage,0.0
379,ğŸ’‡,person getting haircut,0.0
380,ğŸ’‡â€â™‚ï¸,man getting haircut,0.0
381,ğŸ’‡â€â™€ï¸,woman getting haircut,0.0
382,ğŸš¶,person walking,0.0
383,ğŸš¶â€â™‚ï¸,man walking,0.0
384,ğŸš¶â€â™€ï¸,woman walking,0.0
385,ğŸ§,person standing,0.0
386,ğŸ§â€â™‚ï¸,man standing,0.0
387,ğŸ§â€â™€ï¸,woman standing,0.0
388,ğŸ§,person kneeling,0.0
389,ğŸ§â€â™‚ï¸,man kneeling,0.0
390,ğŸ§â€â™€ï¸,woman kneeling,0.0
391,ğŸ§‘â€ğŸ¦¯,person with white cane,0.0
392,ğŸ‘¨â€ğŸ¦¯,man with white cane,0.0
393,ğŸ‘©â€ğŸ¦¯,woman with white cane,0.0
394,ğŸ§‘â€ğŸ¦¼,person in motorized wheelchair,0.0
395,ğŸ‘¨â€ğŸ¦¼,man in motorized wheelchair,0.0
396,ğŸ‘©â€ğŸ¦¼,woman in motorized wheelchair,0.0
397,ğŸ§‘â€ğŸ¦½,person in manual wheelchair,0.0
398,ğŸ‘¨â€ğŸ¦½,man in manual wheelchair,0.0
399,ğŸ‘©â€ğŸ¦½,woman in manual wheelchair,0.0
400,ğŸƒ,person running,0.0
401,ğŸƒâ€â™‚ï¸,man running,0.0
402,ğŸƒâ€â™€ï¸,woman running,0.0
403,ğŸ’ƒ,woman dancing,0.0
404,ğŸ•º,man dancing,0.0
405,ğŸ•´,person in suit levitating,0.0
406,ğŸ‘¯,people with bunny ears,0.0
407,ğŸ‘¯â€â™‚ï¸,men with bunny ears,0.0
408,ğŸ‘¯â€â™€ï¸,women with bunny ears,0.0
409,ğŸ§–,person in steamy room,0.0
410,ğŸ§–â€â™‚ï¸,man in steamy room,0.0
411,ğŸ§–â€â™€ï¸,woman in steamy room,0.0
412,ğŸ§—,person climbing,0.0
413,ğŸ§—â€â™‚ï¸,man climbing,0.0
414,ğŸ§—â€â™€ï¸,woman climbing,0.0
415,ğŸ¤º,person fencing,0.0
416,ğŸ‡,horse racing,0.0
417,â›·,skier,0.0
418,ğŸ‚,snowboarder,0.0
419,ğŸŒ,person golfing,0.0
420,ğŸŒï¸â€â™‚ï¸,man golfing,0.0
421,ğŸŒï¸â€â™€ï¸,woman golfing,0.0
422,ğŸ„,person surfing,0.0
423,ğŸ„â€â™‚ï¸,man surfing,0.0
424,ğŸ„â€â™€ï¸,woman surfing,0.0
425,ğŸš£,person rowing boat,0.0
426,ğŸš£â€â™‚ï¸,man rowing boat,0.0
427,ğŸš£â€â™€ï¸,woman rowing boat,0.0
428,ğŸŠ,person swimming,0.0
429,ğŸŠâ€â™‚ï¸,man swimming,0.0
430,ğŸŠâ€â™€ï¸,woman swimming,0.0
431,â›¹,person bouncing ball,0.0
432,â›¹ï¸â€â™‚ï¸,man bouncing ball,0.0
433,â›¹ï¸â€â™€ï¸,woman bouncing ball,0.0
434,ğŸ‹,person lifting weights,0.0
435,ğŸ‹ï¸â€â™‚ï¸,man lifting weights,0.0
436,ğŸ‹ï¸â€â™€ï¸,woman lifting weights,0.0
437,ğŸš´,person biking,0.0
438,ğŸš´â€â™‚ï¸,man biking,0.0
439,ğŸš´â€â™€ï¸,woman biking,0.0
440,ğŸšµ,person mountain biking,0.0
441,ğŸšµâ€â™‚ï¸,man mountain biking,0.0
442,ğŸšµâ€â™€ï¸,woman mountain biking,0.0
443,ğŸ¤¸,person cartwheeling,0.0
444,ğŸ¤¸â€â™‚ï¸,man cartwheeling,0.0
445,ğŸ¤¸â€â™€ï¸,woman cartwheeling,0.0
446,ğŸ¤¼,people wrestling,0.0
447,ğŸ¤¼â€â™‚ï¸,men wrestling,0.0
448,ğŸ¤¼â€â™€ï¸,women wrestling,0.0
449,ğŸ¤½,person playing water polo,0.2
450,ğŸ¤½â€â™‚ï¸,man playing water polo,0.2
451,ğŸ¤½â€â™€ï¸,woman playing water polo,0.2
452,ğŸ¤¾,person playing handball,0.2
453,ğŸ¤¾â€â™‚ï¸,man playing handball,0.2
454,ğŸ¤¾â€â™€ï¸,woman playing handball,0.2
455,ğŸ¤¹,person juggling,0.0
456,ğŸ¤¹â€â™‚ï¸,man juggling,0.0
457,ğŸ¤¹â€â™€ï¸,woman juggling,0.0
458,ğŸ§˜,person in lotus position,0.0
459,ğŸ§˜â€â™‚ï¸,man in lotus position,0.0
460,ğŸ§˜â€â™€ï¸,woman in lotus position,0.0
461,ğŸ›€,person taking bath,0.0
462,ğŸ›Œ,person in bed,0.0
463,ğŸ§‘â€ğŸ¤â€ğŸ§‘,people holding hands,0.0
464,ğŸ‘­,women holding hands,0.0
465,ğŸ‘«,woman and man holding hands,0.0
466,ğŸ‘¬,men holding hands,0.0
467,ğŸ’,kiss,0.42
468,ğŸ‘©â€â¤ï¸â€ğŸ’‹â€ğŸ‘¨,"kiss: woman, man",0.42
469,ğŸ‘¨â€â¤ï¸â€ğŸ’‹â€ğŸ‘¨,"kiss: man, man",0.42
470,ğŸ‘©â€â¤ï¸â€ğŸ’‹â€ğŸ‘©,"kiss: woman, woman",0.42
471,ğŸ’‘,couple with heart,0.0
472,ğŸ‘©â€â¤ï¸â€ğŸ‘¨,"couple with heart: woman, man",0.0
473,ğŸ‘¨â€â¤ï¸â€ğŸ‘¨,"couple with heart: man, man",0.0
474,ğŸ‘©â€â¤ï¸â€ğŸ‘©,"couple with heart: woman, woman",0.0
475,ğŸ‘ª,family,0.0
476,ğŸ‘¨â€ğŸ‘©â€ğŸ‘¦,"family: man, woman, boy",0.0
477,ğŸ‘¨â€ğŸ‘©â€ğŸ‘§,"family: man, woman, girl",0.0
478,ğŸ‘¨â€ğŸ‘©â€ğŸ‘§â€ğŸ‘¦,"family: man, woman, girl, boy",0.0
479,ğŸ‘¨â€ğŸ‘©â€ğŸ‘¦â€ğŸ‘¦,"family: man, woman, boy, boy",0.0
480,ğŸ‘¨â€ğŸ‘©â€ğŸ‘§â€ğŸ‘§,"family: man, woman, girl, girl",0.0
481,ğŸ‘¨â€ğŸ‘¨â€ğŸ‘¦,"family: man, man, boy",0.0
482,ğŸ‘¨â€ğŸ‘¨â€ğŸ‘§,"family: man, man, girl",0.0
483,ğŸ‘¨â€ğŸ‘¨â€ğŸ‘§â€ğŸ‘¦,"family: man, man, girl, boy",0.0
484,ğŸ‘¨â€ğŸ‘¨â€ğŸ‘¦â€ğŸ‘¦,"family: man, man, boy, boy",0.0
485,ğŸ‘¨â€ğŸ‘¨â€ğŸ‘§â€ğŸ‘§,"family: man, man, girl, girl",0.0
486,ğŸ‘©â€ğŸ‘©â€ğŸ‘¦,"family: woman, woman, boy",0.0
487,ğŸ‘©â€ğŸ‘©â€ğŸ‘§,"family: woman, woman, girl",0.0
488,ğŸ‘©â€ğŸ‘©â€ğŸ‘§â€ğŸ‘¦,"family: woman, woman, girl, boy",0.0
489,ğŸ‘©â€ğŸ‘©â€ğŸ‘¦â€ğŸ‘¦,"family: woman, woman, boy, boy",0.0
490,ğŸ‘©â€ğŸ‘©â€ğŸ‘§â€ğŸ‘§,"family: woman, woman, girl, girl",0.0
491,ğŸ‘¨â€ğŸ‘¦,"family: man, boy",0.0
492,ğŸ‘¨â€ğŸ‘¦â€ğŸ‘¦,"family: man, boy, boy",0.0
493,ğŸ‘¨â€ğŸ‘§,"family: man, girl",0.0
494,ğŸ‘¨â€ğŸ‘§â€ğŸ‘¦,"family: man, girl, boy",0.0
495,ğŸ‘¨â€ğŸ‘§â€ğŸ‘§,"family: man, girl, girl",0.0
496,ğŸ‘©â€ğŸ‘¦,"family: woman, boy",0.0
497,ğŸ‘©â€ğŸ‘¦â€ğŸ‘¦,"family: woman, boy, boy",0.0
498,ğŸ‘©â€ğŸ‘§,"family: woman, girl",0.0
499,ğŸ‘©â€ğŸ‘§â€ğŸ‘¦,"family: woman, girl, boy",0.0
500,ğŸ‘©â€ğŸ‘§â€ğŸ‘§,"family: woman, girl, girl",0.0
501,ğŸ—£,speaking head,0.0
502,ğŸ‘¤,bust in silhouette,0.0
503,ğŸ‘¥,busts in silhouette,0.0
504,ğŸ«‚,people hugging,0.42
505,ğŸ‘£,footprints,0.0
506,ğŸ¦°,red hair,0.0
507,ğŸ¦±,curly hair,0.0
508,ğŸ¦³,white hair,0.0
509,ğŸ¦²,bald,0.0
510,ğŸµ,monkey face,0.0
511,ğŸ’,monkey,0.0
512,ğŸ¦,gorilla,0.0
513,ğŸ¦§,orangutan,0.0
514,ğŸ¶,dog face,0.0
515,ğŸ•,dog,0.0
516,ğŸ¦®,guide dog,0.0
517,ğŸ•â€ğŸ¦º,service dog,0.0
518,ğŸ©,poodle,0.0
519,ğŸº,wolf,0.0
520,ğŸ¦Š,fox,0.0
521,ğŸ¦,raccoon,0.0
522,ğŸ±,cat face,0.0
523,ğŸˆ,cat,0.0
524,ğŸˆâ€â¬›,black cat,0.0
525,ğŸ¦,lion,0.0
526,ğŸ¯,tiger face,0.0
527,ğŸ…,tiger,0.0
528,ğŸ†,leopard,0.0
529,ğŸ´,horse face,0.0
530,ğŸ,horse,0.0
531,ğŸ¦„,unicorn,0.0
532,ğŸ¦“,zebra,0.0
533,ğŸ¦Œ,deer,0.0
534,ğŸ¦¬,bison,0.0
535,ğŸ®,cow face,0.0
536,ğŸ‚,ox,0.0
537,ğŸƒ,water buffalo,0.0
538,ğŸ„,cow,0.0
539,ğŸ·,pig face,0.0
540,ğŸ–,pig,0.0
541,ğŸ—,boar,0.0
542,ğŸ½,pig nose,0.0
543,ğŸ,ram,0.0
544,ğŸ‘,ewe,0.0
545,ğŸ,goat,0.0
546,ğŸª,camel,0.0
547,ğŸ«,two-hump camel,0.0
548,ğŸ¦™,llama,0.0
549,ğŸ¦’,giraffe,0.0
550,ğŸ˜,elephant,0.0
551,ğŸ¦£,mammoth,0.0
552,ğŸ¦,rhinoceros,0.0
553,ğŸ¦›,hippopotamus,0.0
554,ğŸ­,mouse face,0.0
555,ğŸ,mouse,0.0
556,ğŸ€,rat,0.0
557,ğŸ¹,hamster,0.0
558,ğŸ°,rabbit face,0.0
559,ğŸ‡,rabbit,0.0
560,ğŸ¿,chipmunk,0.0
561,ğŸ¦«,beaver,0.0
562,ğŸ¦”,hedgehog,0.0
563,ğŸ¦‡,bat,0.0
564,ğŸ»,bear,0.0
565,ğŸ»â€â„ï¸,polar bear,0.0
566,ğŸ¨,koala,0.0
567,ğŸ¼,panda,0.0
568,ğŸ¦¥,sloth,0.0
569,ğŸ¦¦,otter,0.0
570,ğŸ¦¨,skunk,0.0
571,ğŸ¦˜,kangaroo,0.0
572,ğŸ¦¡,badger,0.0
573,ğŸ¾,paw prints,0.0
574,ğŸ¦ƒ,turkey,0.0
575,ğŸ”,chicken,0.0
576,ğŸ“,rooster,0.0
577,ğŸ£,hatching chick,0.0
578,ğŸ¤,baby chick,0.0
579,ğŸ¥,front-facing baby chick,0.0
580,ğŸ¦,bird,0.0
581,ğŸ§,penguin,0.0
582,ğŸ•Š,dove,0.0
583,ğŸ¦…,eagle,0.0
584,ğŸ¦†,duck,0.0
585,ğŸ¦¢,swan,0.0
586,ğŸ¦‰,owl,0.0
587,ğŸ¦¤,dodo,0.0
588,ğŸª¶,feather,0.0
589,ğŸ¦©,flamingo,0.0
590,ğŸ¦š,peacock,0.0
591,ğŸ¦œ,parrot,0.0
592,ğŸ¸,frog,0.0
593,ğŸŠ,crocodile,0.0
594,ğŸ¢,turtle,0.0
595,ğŸ¦,lizard,0.0
596,ğŸ,snake,0.0
597,ğŸ²,dragon face,0.0
598,ğŸ‰,dragon,0.0
599,ğŸ¦•,sauropod,0.0
600,ğŸ¦–,T-Rex,0.0
601,ğŸ³,spouting whale,0.0
602,ğŸ‹,whale,0.0
603,ğŸ¬,dolphin,0.0
604,ğŸ¦­,seal,0.0
605,ğŸŸ,fish,0.0
606,ğŸ ,tropical fish,0.0
607,ğŸ¡,blowfish,0.0
608,ğŸ¦ˆ,shark,0.0
609,ğŸ™,octopus,0.0
610,ğŸš,spiral shell,0.0
611,ğŸŒ,snail,0.0
612,ğŸ¦‹,butterfly,0.0
613,ğŸ›,bug,0.0
614,ğŸœ,ant,0.0
615,ğŸ,honeybee,0.0
616,ğŸª²,beetle,0.0
617,ğŸ,lady beetle,0.0
618,ğŸ¦—,cricket,0.0
619,ğŸª³,cockroach,0.0
620,ğŸ•·,spider,0.0
621,ğŸ•¸,spider web,0.0
622,ğŸ¦‚,scorpion,0.0
623,ğŸ¦Ÿ,mosquito,0.0
624,ğŸª°,fly,0.0
625,ğŸª±,worm,0.0
626,ğŸ¦ ,microbe,0.0
627,ğŸ’,bouquet,0.0
628,ğŸŒ¸,cherry blossom,0.0
629,ğŸ’®,white flower,0.0
630,ğŸµ,rosette,0.0
631,ğŸŒ¹,rose,0.0
632,ğŸ¥€,wilted flower,0.0
633,ğŸŒº,hibiscus,0.0
634,ğŸŒ»,sunflower,0.0
635,ğŸŒ¼,blossom,0.0
636,ğŸŒ·,tulip,0.0
637,ğŸŒ±,seedling,0.0
638,ğŸª´,potted plant,0.0
639,ğŸŒ²,evergreen tree,0.0
640,ğŸŒ³,deciduous tree,0.0
641,ğŸŒ´,palm tree,0.0
642,ğŸŒµ,cactus,0.0
643,ğŸŒ¾,sheaf of rice,0.0
644,ğŸŒ¿,herb,0.0
645,â˜˜,shamrock,0.0
646,ğŸ€,four leaf clover,0.0
647,ğŸ,maple leaf,0.0
648,ğŸ‚,fallen leaf,-0.36
649,ğŸƒ,leaf fluttering in wind,0.0
650,ğŸ‡,grapes,0.0
651,ğŸˆ,melon,0.0
652,ğŸ‰,watermelon,0.0
653,ğŸŠ,tangerine,0.0
654,ğŸ‹,lemon,0.0
655,ğŸŒ,banana,0.0
656,ğŸ,pineapple,0.0
657,ğŸ¥­,mango,0.0
658,ğŸ,red apple,0.0
659,ğŸ,green apple,0.0
660,ğŸ,pear,0.0
661,ğŸ‘,peach,0.0
662,ğŸ’,cherries,0.0
663,ğŸ“,strawberry,0.0
664,ğŸ«,blueberries,0.0
665,ğŸ¥,kiwi fruit,0.0
666,ğŸ…,tomato,0.0
667,ğŸ«’,olive,0.0
668,ğŸ¥¥,coconut,0.0
669,ğŸ¥‘,avocado,0.0
670,ğŸ†,eggplant,0.0
671,ğŸ¥”,potato,0.0
672,ğŸ¥•,carrot,0.0
673,ğŸŒ½,ear of corn,0.0
674,ğŸŒ¶,hot pepper,0.0
675,ğŸ«‘,bell pepper,0.0
676,ğŸ¥’,cucumber,0.0
677,ğŸ¥¬,leafy green,0.0
678,ğŸ¥¦,broccoli,0.0
679,ğŸ§„,garlic,0.0
680,ğŸ§…,onion,0.0
681,ğŸ„,mushroom,0.0
682,ğŸ¥œ,peanuts,0.0
683,ğŸŒ°,chestnut,0.0
684,ğŸ,bread,0.0
685,ğŸ¥,croissant,0.0
686,ğŸ¥–,baguette bread,0.0
687,ğŸ«“,flatbread,0.0
688,ğŸ¥¨,pretzel,0.0
689,ğŸ¥¯,bagel,0.0
690,ğŸ¥,pancakes,0.0
691,ğŸ§‡,waffle,0.0
692,ğŸ§€,cheese wedge,0.0
693,ğŸ–,meat on bone,0.0
694,ğŸ—,poultry leg,0.0
695,ğŸ¥©,cut of meat,-0.27
696,ğŸ¥“,bacon,0.0
697,ğŸ”,hamburger,0.0
698,ğŸŸ,french fries,0.0
699,ğŸ•,pizza,0.0
700,ğŸŒ­,hot dog,0.0
701,ğŸ¥ª,sandwich,0.0
702,ğŸŒ®,taco,0.0
703,ğŸŒ¯,burrito,0.0
704,ğŸ«”,tamale,0.0
705,ğŸ¥™,stuffed flatbread,0.0
706,ğŸ§†,falafel,0.0
707,ğŸ¥š,egg,0.0
708,ğŸ³,cooking,0.0
709,ğŸ¥˜,shallow pan of food,0.0
710,ğŸ²,pot of food,0.0
711,ğŸ«•,fondue,0.0
712,ğŸ¥£,bowl with spoon,0.0
713,ğŸ¥—,green salad,0.0
714,ğŸ¿,popcorn,0.0
715,ğŸ§ˆ,butter,0.0
716,ğŸ§‚,salt,0.0
717,ğŸ¥«,canned food,0.0
718,ğŸ±,bento box,0.0
719,ğŸ˜,rice cracker,0.0
720,ğŸ™,rice ball,0.0
721,ğŸš,cooked rice,0.0
722,ğŸ›,curry rice,0.0
723,ğŸœ,steaming bowl,0.0
724,ğŸ,spaghetti,0.0
725,ğŸ ,roasted sweet potato,0.46
726,ğŸ¢,oden,0.0
727,ğŸ£,sushi,0.0
728,ğŸ¤,fried shrimp,0.0
729,ğŸ¥,fish cake with swirl,0.0
730,ğŸ¥®,moon cake,0.0
731,ğŸ¡,dango,0.0
732,ğŸ¥Ÿ,dumpling,0.1
733,ğŸ¥ ,fortune cookie,0.0
734,ğŸ¥¡,takeout box,0.0
735,ğŸ¦€,crab,0.0
736,ğŸ¦,lobster,0.0
737,ğŸ¦,shrimp,0.0
738,ğŸ¦‘,squid,0.0
739,ğŸ¦ª,oyster,0.0
740,ğŸ¦,soft ice cream,0.0
741,ğŸ§,shaved ice,0.0
742,ğŸ¨,ice cream,0.0
743,ğŸ©,doughnut,0.0
744,ğŸª,cookie,0.0
745,ğŸ‚,birthday cake,0.0
746,ğŸ°,shortcake,0.0
747,ğŸ§,cupcake,0.0
748,ğŸ¥§,pie,0.0
749,ğŸ«,chocolate bar,0.0
750,ğŸ¬,candy,0.0
751,ğŸ­,lollipop,0.0
752,ğŸ®,custard,0.0
753,ğŸ¯,honey pot,0.0
754,ğŸ¼,baby bottle,0.0
755,ğŸ¥›,glass of milk,0.0
756,â˜•,hot beverage,0.0
757,ğŸ«–,teapot,0.0
758,ğŸµ,teacup without handle,0.0
759,ğŸ¶,sake,0.0
760,ğŸ¾,bottle with popping cork,0.0
761,ğŸ·,wine glass,0.0
762,ğŸ¸,cocktail glass,0.0
763,ğŸ¹,tropical drink,0.0
764,ğŸº,beer mug,0.0
765,ğŸ»,clinking beer mugs,0.0
766,ğŸ¥‚,clinking glasses,0.0
767,ğŸ¥ƒ,tumbler glass,0.0
768,ğŸ¥¤,cup with straw,0.0
769,ğŸ§‹,bubble tea,0.0
770,ğŸ§ƒ,beverage box,0.0
771,ğŸ§‰,mate,0.0
772,ğŸ§Š,ice,0.0
773,ğŸ¥¢,chopsticks,0.0
774,ğŸ½,fork and knife with plate,0.0
775,ğŸ´,fork and knife,0.0
776,ğŸ¥„,spoon,0.0
777,ğŸ”ª,kitchen knife,0.0
778,ğŸº,amphora,0.0
779,ğŸŒ,globe showing Europe-Africa,0.0
780,ğŸŒ,globe showing Americas,0.0
781,ğŸŒ,globe showing Asia-Australia,0.0
782,ğŸŒ,globe with meridians,0.0
783,ğŸ—º,world map,0.0
784,ğŸ—¾,map of Japan,0.0
785,ğŸ§­,compass,0.0
786,ğŸ”,snow-capped mountain,0.0
787,â›°,mountain,0.0
788,ğŸŒ‹,volcano,0.0
789,ğŸ—»,mount fuji,0.0
790,ğŸ•,camping,0.0
791,ğŸ–,beach with umbrella,0.0
792,ğŸœ,desert,0.0
793,ğŸ,desert island,0.0
794,ğŸ,national park,0.0
795,ğŸŸ,stadium,0.0
796,ğŸ›,classical building,0.0
797,ğŸ—,building construction,0.0
798,ğŸ§±,brick,0.0
799,ğŸª¨,rock,0.0
800,ğŸªµ,wood,0.0
801,ğŸ›–,hut,0.0
802,ğŸ˜,houses,0.0
803,ğŸš,derelict house,0.0
804,ğŸ ,house,0.0
805,ğŸ¡,house with garden,0.0
806,ğŸ¢,office building,0.0
807,ğŸ£,Japanese post office,0.0
808,ğŸ¤,post office,0.0
809,ğŸ¥,hospital,0.0
810,ğŸ¦,bank,0.0
811,ğŸ¨,hotel,0.0
812,ğŸ©,love hotel,0.64
813,ğŸª,convenience store,0.0
814,ğŸ«,school,0.0
815,ğŸ¬,department store,0.0
816,ğŸ­,factory,0.0
817,ğŸ¯,Japanese castle,0.0
818,ğŸ°,castle,0.0
819,ğŸ’’,wedding,0.0
820,ğŸ—¼,Tokyo tower,0.0
821,ğŸ—½,Statue of Liberty,0.53
822,â›ª,church,0.0
823,ğŸ•Œ,mosque,0.0
824,ğŸ›•,hindu temple,0.0
825,ğŸ•,synagogue,0.0
826,â›©,shinto shrine,0.0
827,ğŸ•‹,kaaba,0.0
828,â›²,fountain,0.0
829,â›º,tent,0.0
830,ğŸŒ,foggy,0.0
831,ğŸŒƒ,night with stars,0.0
832,ğŸ™,cityscape,0.0
833,ğŸŒ„,sunrise over mountains,0.0
834,ğŸŒ…,sunrise,0.0
835,ğŸŒ†,cityscape at dusk,0.0
836,ğŸŒ‡,sunset,0.0
837,ğŸŒ‰,bridge at night,0.0
838,â™¨,hot springs,0.0
839,ğŸ ,carousel horse,0.0
840,ğŸ¡,ferris wheel,0.0
841,ğŸ¢,roller coaster,0.0
842,ğŸ’ˆ,barber pole,0.0
843,ğŸª,circus tent,0.0
844,ğŸš‚,locomotive,0.0
845,ğŸšƒ,railway car,0.0
846,ğŸš„,high-speed train,0.0
847,ğŸš…,bullet train,0.0
848,ğŸš†,train,0.0
849,ğŸš‡,metro,0.0
850,ğŸšˆ,light rail,0.0
851,ğŸš‰,station,0.0
852,ğŸšŠ,tram,0.0
853,ğŸš,monorail,0.0
854,ğŸš,mountain railway,0.0
855,ğŸš‹,tram car,0.0
856,ğŸšŒ,bus,0.0
857,ğŸš,oncoming bus,0.0
858,ğŸš,trolleybus,0.0
859,ğŸš,minibus,0.0
860,ğŸš‘,ambulance,0.0
861,ğŸš’,fire engine,-0.34
862,ğŸš“,police car,0.0
863,ğŸš”,oncoming police car,0.0
864,ğŸš•,taxi,0.0
865,ğŸš–,oncoming taxi,0.0
866,ğŸš—,automobile,0.0
867,ğŸš˜,oncoming automobile,0.0
868,ğŸš™,sport utility vehicle,0.0
869,ğŸ›»,pickup truck,0.0
870,ğŸšš,delivery truck,0.0
871,ğŸš›,articulated lorry,0.0
872,ğŸšœ,tractor,0.0
873,ğŸ,racing car,0.0
874,ğŸ,motorcycle,0.0
875,ğŸ›µ,motor scooter,0.0
876,ğŸ¦½,manual wheelchair,0.0
877,ğŸ¦¼,motorized wheelchair,0.0
878,ğŸ›º,auto rickshaw,0.0
879,ğŸš²,bicycle,0.0
880,ğŸ›´,kick scooter,0.0
881,ğŸ›¹,skateboard,0.0
882,ğŸ›¼,roller skate,0.0
883,ğŸš,bus stop,-0.3
884,ğŸ›£,motorway,0.0
885,ğŸ›¤,railway track,0.0
886,ğŸ›¢,oil drum,0.0
887,â›½,fuel pump,0.0
888,ğŸš¨,police car light,0.0
889,ğŸš¥,horizontal traffic light,0.0
890,ğŸš¦,vertical traffic light,0.0
891,ğŸ›‘,stop sign,-0.3
892,ğŸš§,construction,0.0
893,âš“,anchor,0.0
894,â›µ,sailboat,0.0
895,ğŸ›¶,canoe,0.0
896,ğŸš¤,speedboat,0.0
897,ğŸ›³,passenger ship,0.0
898,â›´,ferry,0.0
899,ğŸ›¥,motor boat,0.0
900,ğŸš¢,ship,0.0
901,âœˆ,airplane,0.0
902,ğŸ›©,small airplane,0.0
903,ğŸ›«,airplane departure,0.0
904,ğŸ›¬,airplane arrival,0.0
905,ğŸª‚,parachute,0.0
906,ğŸ’º,seat,0.0
907,ğŸš,helicopter,0.0
908,ğŸšŸ,suspension railway,0.0
909,ğŸš ,mountain cableway,0.0
910,ğŸš¡,aerial tramway,0.0
911,ğŸ›°,satellite,0.0
912,ğŸš€,rocket,0.0
913,ğŸ›¸,flying saucer,0.0
914,ğŸ›,bellhop bell,0.0
915,ğŸ§³,luggage,0.0
916,âŒ›,hourglass done,0.0
917,â³,hourglass not done,0.0
918,âŒš,watch,0.0
919,â°,alarm clock,-0.34
920,â±,stopwatch,0.0
921,â²,timer clock,0.0
922,ğŸ•°,mantelpiece clock,0.0
923,ğŸ•›,twelve oâ€™clock,0.0
924,ğŸ•§,twelve-thirty,0.0
925,ğŸ•,one oâ€™clock,0.0
926,ğŸ•œ,one-thirty,0.0
927,ğŸ•‘,two oâ€™clock,0.0
928,ğŸ•,two-thirty,0.0
929,ğŸ•’,three oâ€™clock,0.0
930,ğŸ•,three-thirty,0.0
931,ğŸ•“,four oâ€™clock,0.0
932,ğŸ•Ÿ,four-thirty,0.0
933,ğŸ•”,five oâ€™clock,0.0
934,ğŸ• ,five-thirty,0.0
935,ğŸ••,six oâ€™clock,0.0
936,ğŸ•¡,six-thirty,0.0
937,ğŸ•–,seven oâ€™clock,0.0
938,ğŸ•¢,seven-thirty,0.0
939,ğŸ•—,eight oâ€™clock,0.0
940,ğŸ•£,eight-thirty,0.0
941,ğŸ•˜,nine oâ€™clock,0.0
942,ğŸ•¤,nine-thirty,0.0
943,ğŸ•™,ten oâ€™clock,0.0
944,ğŸ•¥,ten-thirty,0.0
945,ğŸ•š,eleven oâ€™clock,0.0
946,ğŸ•¦,eleven-thirty,0.0
947,ğŸŒ‘,new moon,0.0
948,ğŸŒ’,waxing crescent moon,0.0
949,ğŸŒ“,first quarter moon,0.0
950,ğŸŒ”,waxing gibbous moon,0.0
951,ğŸŒ•,full moon,0.0
952,ğŸŒ–,waning gibbous moon,0.0
953,ğŸŒ—,last quarter moon,0.0
954,ğŸŒ˜,waning crescent moon,0.0
955,ğŸŒ™,crescent moon,0.0
956,ğŸŒš,new moon face,0.0
957,ğŸŒ›,first quarter moon face,0.0
958,ğŸŒœ,last quarter moon face,0.0
959,ğŸŒ¡,thermometer,0.0
960,â˜€,sun,0.0
961,ğŸŒ,full moon face,0.0
962,ğŸŒ,sun with face,0.0
963,ğŸª,ringed planet,0.0
964,â­,star,0.0
965,ğŸŒŸ,glowing star,0.0
966,ğŸŒ ,shooting star,0.0
967,ğŸŒŒ,milky way,0.0
968,â˜,cloud,0.0
969,â›…,sun behind cloud,0.0
970,â›ˆ,cloud with lightning and rain,0.0
971,ğŸŒ¤,sun behind small cloud,0.0
972,ğŸŒ¥,sun behind large cloud,0.0
973,ğŸŒ¦,sun behind rain cloud,0.0
974,ğŸŒ§,cloud with rain,0.0
975,ğŸŒ¨,cloud with snow,0.0
976,ğŸŒ©,cloud with lightning,0.0
977,ğŸŒª,tornado,0.0
978,ğŸŒ«,fog,0.0
979,ğŸŒ¬,wind face,0.0
980,ğŸŒ€,cyclone,0.0
981,ğŸŒˆ,rainbow,0.0
982,ğŸŒ‚,closed umbrella,0.0
983,â˜‚,umbrella,0.0
984,â˜”,umbrella with rain drops,0.0
985,â›±,umbrella on ground,0.0
986,âš¡,high voltage,0.0
987,â„,snowflake,0.0
988,â˜ƒ,snowman,0.0
989,â›„,snowman without snow,0.0
990,â˜„,comet,0.0
991,ğŸ”¥,fire,-0.34
992,ğŸ’§,droplet,0.0
993,ğŸŒŠ,water wave,0.0
994,ğŸƒ,jack-o-lantern,0.0
995,ğŸ„,Christmas tree,0.0
996,ğŸ†,fireworks,0.0
997,ğŸ‡,sparkler,0.0
998,ğŸ§¨,firecracker,0.0
999,âœ¨,sparkles,0.32
1000,ğŸˆ,balloon,0.0
1001,ğŸ‰,party popper,0.4
1002,ğŸŠ,confetti ball,0.0
1003,ğŸ‹,tanabata tree,0.0
1004,ğŸ,pine decoration,0.0
1005,ğŸ,Japanese dolls,0.0
1006,ğŸ,carp streamer,0.0
1007,ğŸ,wind chime,0.0
1008,ğŸ‘,moon viewing ceremony,0.0
1009,ğŸ§§,red envelope,0.0
1010,ğŸ€,ribbon,0.0
1011,ğŸ,wrapped gift,0.44
1012,ğŸ—,reminder ribbon,0.0
1013,ğŸŸ,admission tickets,0.0
1014,ğŸ«,ticket,0.0
1015,ğŸ–,military medal,0.48
1016,ğŸ†,trophy,0.0
1017,ğŸ…,sports medal,0.48
1018,ğŸ¥‡,1st place medal,0.48
1019,ğŸ¥ˆ,2nd place medal,0.48
1020,ğŸ¥‰,3rd place medal,0.48
1021,âš½,soccer ball,0.0
1022,âš¾,baseball,0.0
1023,ğŸ¥,softball,0.0
1024,ğŸ€,basketball,0.0
1025,ğŸ,volleyball,0.0
1026,ğŸˆ,american football,0.0
1027,ğŸ‰,rugby football,0.0
1028,ğŸ¾,tennis,0.0
1029,ğŸ¥,flying disc,0.0
1030,ğŸ³,bowling,0.0
1031,ğŸ,cricket game,0.0
1032,ğŸ‘,field hockey,0.0
1033,ğŸ’,ice hockey,0.0
1034,ğŸ¥,lacrosse,0.0
1035,ğŸ“,ping pong,0.0
1036,ğŸ¸,badminton,0.0
1037,ğŸ¥Š,boxing glove,0.0
1038,ğŸ¥‹,martial arts uniform,0.0
1039,ğŸ¥…,goal net,0.0
1040,â›³,flag in hole,0.0
1041,â›¸,ice skate,0.0
1042,ğŸ£,fishing pole,0.0
1043,ğŸ¤¿,diving mask,0.08
1044,ğŸ½,running shirt,0.0
1045,ğŸ¿,skis,0.0
1046,ğŸ›·,sled,0.0
1047,ğŸ¥Œ,curling stone,0.0
1048,ğŸ¯,bullseye,0.0
1049,ğŸª€,yo-yo,0.0
1050,ğŸª,kite,0.0
1051,ğŸ±,pool 8 ball,0.0
1052,ğŸ”®,crystal ball,0.0
1053,ğŸª„,magic wand,0.0
1054,ğŸ§¿,nazar amulet,0.0
1055,ğŸ®,video game,0.0
1056,ğŸ•¹,joystick,0.18
1057,ğŸ°,slot machine,0.0
1058,ğŸ²,game die,-0.6
1059,ğŸ§©,puzzle piece,0.0
1060,ğŸ§¸,teddy bear,0.0
1061,ğŸª…,piÃ±ata,0.0
1062,ğŸª†,nesting dolls,0.0
1063,â™ ,spade suit,0.0
1064,â™¥,heart suit,0.0
1065,â™¦,diamond suit,0.34
1066,â™£,club suit,0.0
1067,â™Ÿ,chess pawn,0.0
1068,ğŸƒ,joker,0.13
1069,ğŸ€„,mahjong red dragon,0.0
1070,ğŸ´,flower playing cards,0.2
1071,ğŸ­,performing arts,0.0
1072,ğŸ–¼,framed picture,0.0
1073,ğŸ¨,artist palette,0.0
1074,ğŸ§µ,thread,0.0
1075,ğŸª¡,sewing needle,0.0
1076,ğŸ§¶,yarn,0.0
1077,ğŸª¢,knot,0.0
1078,ğŸ‘“,glasses,0.0
1079,ğŸ•¶,sunglasses,0.0
1080,ğŸ¥½,goggles,0.0
1081,ğŸ¥¼,lab coat,0.0
1082,ğŸ¦º,safety vest,0.42
1083,ğŸ‘”,necktie,0.0
1084,ğŸ‘•,t-shirt,0.0
1085,ğŸ‘–,jeans,0.0
1086,ğŸ§£,scarf,0.0
1087,ğŸ§¤,gloves,0.0
1088,ğŸ§¥,coat,0.0
1089,ğŸ§¦,socks,0.0
1090,ğŸ‘—,dress,0.0
1091,ğŸ‘˜,kimono,0.0
1092,ğŸ¥»,sari,0.0
1093,ğŸ©±,one-piece swimsuit,0.0
1094,ğŸ©²,briefs,0.0
1095,ğŸ©³,shorts,0.0
1096,ğŸ‘™,bikini,0.0
1097,ğŸ‘š,womanâ€™s clothes,0.0
1098,ğŸ‘›,purse,0.0
1099,ğŸ‘œ,handbag,0.0
1100,ğŸ‘,clutch bag,0.0
1101,ğŸ›,shopping bags,0.0
1102,ğŸ’,backpack,0.0
1103,ğŸ©´,thong sandal,0.0
1104,ğŸ‘,manâ€™s shoe,0.0
1105,ğŸ‘Ÿ,running shoe,0.0
1106,ğŸ¥¾,hiking boot,0.0
1107,ğŸ¥¿,flat shoe,0.0
1108,ğŸ‘ ,high-heeled shoe,0.0
1109,ğŸ‘¡,womanâ€™s sandal,0.0
1110,ğŸ©°,ballet shoes,0.0
1111,ğŸ‘¢,womanâ€™s boot,0.0
1112,ğŸ‘‘,crown,0.0
1113,ğŸ‘’,womanâ€™s hat,0.0
1114,ğŸ©,top hat,0.2
1115,ğŸ“,graduation cap,0.0
1116,ğŸ§¢,billed cap,0.0
1117,ğŸª–,military helmet,0.0
1118,â›‘,rescue workerâ€™s helmet,0.51
1119,ğŸ“¿,prayer beads,0.0
1120,ğŸ’„,lipstick,0.0
1121,ğŸ’,ring,0.0
1122,ğŸ’,gem stone,0.0
1123,ğŸ”‡,muted speaker,0.0
1124,ğŸ”ˆ,speaker low volume,-0.27
1125,ğŸ”‰,speaker medium volume,0.0
1126,ğŸ”Š,speaker high volume,0.0
1127,ğŸ“¢,loudspeaker,0.0
1128,ğŸ“£,megaphone,0.0
1129,ğŸ“¯,postal horn,0.0
1130,ğŸ””,bell,0.0
1131,ğŸ”•,bell with slash,-0.27
1132,ğŸ¼,musical score,0.0
1133,ğŸµ,musical note,0.0
1134,ğŸ¶,musical notes,0.0
1135,ğŸ™,studio microphone,0.0
1136,ğŸš,level slider,0.0
1137,ğŸ›,control knobs,0.0
1138,ğŸ¤,microphone,0.0
1139,ğŸ§,headphone,0.0
1140,ğŸ“»,radio,0.0
1141,ğŸ·,saxophone,0.0
1142,ğŸª—,accordion,0.0
1143,ğŸ¸,guitar,0.0
1144,ğŸ¹,musical keyboard,0.0
1145,ğŸº,trumpet,0.0
1146,ğŸ»,violin,0.0
1147,ğŸª•,banjo,0.0
1148,ğŸ¥,drum,0.0
1149,ğŸª˜,long drum,0.0
1150,ğŸ“±,mobile phone,0.0
1151,ğŸ“²,mobile phone with arrow,0.0
1152,â˜,telephone,0.0
1153,ğŸ“,telephone receiver,0.0
1154,ğŸ“Ÿ,pager,0.0
1155,ğŸ“ ,fax machine,0.0
1156,ğŸ”‹,battery,0.0
1157,ğŸ”Œ,electric plug,0.0
1158,ğŸ’»,laptop,0.0
1159,ğŸ–¥,desktop computer,0.0
1160,ğŸ–¨,printer,0.0
1161,âŒ¨,keyboard,0.0
1162,ğŸ–±,computer mouse,0.0
1163,ğŸ–²,trackball,0.0
1164,ğŸ’½,computer disk,0.0
1165,ğŸ’¾,floppy disk,0.0
1166,ğŸ’¿,optical disk,0.0
1167,ğŸ“€,dvd,0.0
1168,ğŸ§®,abacus,0.0
1169,ğŸ¥,movie camera,0.0
1170,ğŸ,film frames,0.0
1171,ğŸ“½,film projector,0.0
1172,ğŸ¬,clapper board,0.0
1173,ğŸ“º,television,0.0
1174,ğŸ“·,camera,0.0
1175,ğŸ“¸,camera with flash,0.0
1176,ğŸ“¹,video camera,0.0
1177,ğŸ“¼,videocassette,0.0
1178,ğŸ”,magnifying glass tilted left,0.0
1179,ğŸ”,magnifying glass tilted right,0.0
1180,ğŸ•¯,candle,0.0
1181,ğŸ’¡,light bulb,0.0
1182,ğŸ”¦,flashlight,0.0
1183,ğŸ®,red paper lantern,0.0
1184,ğŸª”,diya lamp,0.0
1185,ğŸ“”,notebook with decorative cover,0.0
1186,ğŸ“•,closed book,0.0
1187,ğŸ“–,open book,0.0
1188,ğŸ“—,green book,0.0
1189,ğŸ“˜,blue book,0.0
1190,ğŸ“™,orange book,0.0
1191,ğŸ“š,books,0.0
1192,ğŸ““,notebook,0.0
1193,ğŸ“’,ledger,0.0
1194,ğŸ“ƒ,page with curl,0.0
1195,ğŸ“œ,scroll,0.0
1196,ğŸ“„,page facing up,0.0
1197,ğŸ“°,newspaper,0.0
1198,ğŸ—,rolled-up newspaper,0.0
1199,ğŸ“‘,bookmark tabs,0.0
1200,ğŸ”–,bookmark,0.0
1201,ğŸ·,label,0.0
1202,ğŸ’°,money bag,0.0
1203,ğŸª™,coin,0.0
1204,ğŸ’´,yen banknote,0.0
1205,ğŸ’µ,dollar banknote,0.0
1206,ğŸ’¶,euro banknote,0.0
1207,ğŸ’·,pound banknote,0.0
1208,ğŸ’¸,money with wings,0.0
1209,ğŸ’³,credit card,0.38
1210,ğŸ§¾,receipt,0.0
1211,ğŸ’¹,chart increasing with yen,0.0
1212,âœ‰,envelope,0.0
1213,ğŸ“§,e-mail,0.0
1214,ğŸ“¨,incoming envelope,0.0
1215,ğŸ“©,envelope with arrow,0.0
1216,ğŸ“¤,outbox tray,0.0
1217,ğŸ“¥,inbox tray,0.0
1218,ğŸ“¦,package,0.0
1219,ğŸ“«,closed mailbox with raised flag,0.0
1220,ğŸ“ª,closed mailbox with lowered flag,-0.13
1221,ğŸ“¬,open mailbox with raised flag,0.0
1222,ğŸ“­,open mailbox with lowered flag,-0.13
1223,ğŸ“®,postbox,0.0
1224,ğŸ—³,ballot box with ballot,0.0
1225,âœ,pencil,0.0
1226,âœ’,black nib,0.0
1227,ğŸ–‹,fountain pen,0.0
1228,ğŸ–Š,pen,0.0
1229,ğŸ–Œ,paintbrush,0.0
1230,ğŸ–,crayon,0.0
1231,ğŸ“,memo,0.0
1232,ğŸ’¼,briefcase,0.0
1233,ğŸ“,file folder,0.0
1234,ğŸ“‚,open file folder,0.0
1235,ğŸ—‚,card index dividers,0.0
1236,ğŸ“…,calendar,0.0
1237,ğŸ“†,tear-off calendar,0.0
1238,ğŸ—’,spiral notepad,0.0
1239,ğŸ—“,spiral calendar,0.0
1240,ğŸ“‡,card index,0.0
1241,ğŸ“ˆ,chart increasing,0.0
1242,ğŸ“‰,chart decreasing,0.0
1243,ğŸ“Š,bar chart,0.0
1244,ğŸ“‹,clipboard,0.0
1245,ğŸ“Œ,pushpin,0.0
1246,ğŸ“,round pushpin,0.0
1247,ğŸ“,paperclip,0.0
1248,ğŸ–‡,linked paperclips,0.0
1249,ğŸ“,straight ruler,0.23
1250,ğŸ“,triangular ruler,0.0
1251,âœ‚,scissors,0.0
1252,ğŸ—ƒ,card file box,0.0
1253,ğŸ—„,file cabinet,0.0
1254,ğŸ—‘,wastebasket,0.0
1255,ğŸ”’,locked,0.0
1256,ğŸ”“,unlocked,0.0
1257,ğŸ”,locked with pen,0.0
1258,ğŸ”,locked with key,0.0
1259,ğŸ”‘,key,0.0
1260,ğŸ—,old key,0.0
1261,ğŸ”¨,hammer,0.0
1262,ğŸª“,axe,-0.1
1263,â›,pick,0.0
1264,âš’,hammer and pick,0.0
1265,ğŸ› ,hammer and wrench,0.0
1266,ğŸ—¡,dagger,0.0
1267,âš”,crossed swords,0.0
1268,ğŸ”«,water pistol,0.0
1269,ğŸªƒ,boomerang,0.0
1270,ğŸ¹,bow and arrow,0.0
1271,ğŸ›¡,shield,0.0
1272,ğŸªš,carpentry saw,0.0
1273,ğŸ”§,wrench,0.0
1274,ğŸª›,screwdriver,0.08
1275,ğŸ”©,nut and bolt,0.0
1276,âš™,gear,0.0
1277,ğŸ—œ,clamp,0.0
1278,âš–,balance scale,0.0
1279,ğŸ¦¯,white cane,0.0
1280,ğŸ”—,link,0.0
1281,â›“,chains,0.0
1282,ğŸª,hook,0.0
1283,ğŸ§°,toolbox,0.0
1284,ğŸ§²,magnet,0.0
1285,ğŸªœ,ladder,0.0
1286,âš—,alembic,0.0
1287,ğŸ§ª,test tube,0.0
1288,ğŸ§«,petri dish,0.0
1289,ğŸ§¬,dna,0.0
1290,ğŸ”¬,microscope,0.0
1291,ğŸ”­,telescope,0.0
1292,ğŸ“¡,satellite antenna,0.0
1293,ğŸ’‰,syringe,0.0
1294,ğŸ©¸,drop of blood,-0.27
1295,ğŸ’Š,pill,0.0
1296,ğŸ©¹,adhesive bandage,0.0
1297,ğŸ©º,stethoscope,0.0
1298,ğŸšª,door,0.0
1299,ğŸ›—,elevator,0.0
1300,ğŸª,mirror,0.0
1301,ğŸªŸ,window,0.0
1302,ğŸ›,bed,0.0
1303,ğŸ›‹,couch and lamp,0.0
1304,ğŸª‘,chair,0.0
1305,ğŸš½,toilet,0.0
1306,ğŸª ,plunger,0.0
1307,ğŸš¿,shower,0.0
1308,ğŸ›,bathtub,0.0
1309,ğŸª¤,mouse trap,-0.32
1310,ğŸª’,razor,0.0
1311,ğŸ§´,lotion bottle,0.0
1312,ğŸ§·,safety pin,0.42
1313,ğŸ§¹,broom,0.0
1314,ğŸ§º,basket,0.0
1315,ğŸ§»,roll of paper,0.0
1316,ğŸª£,bucket,0.0
1317,ğŸ§¼,soap,0.0
1318,ğŸª¥,toothbrush,0.0
1319,ğŸ§½,sponge,0.0
1320,ğŸ§¯,fire extinguisher,-0.34
1321,ğŸ›’,shopping cart,0.0
1322,ğŸš¬,cigarette,0.0
1323,âš°,coffin,0.0
1324,ğŸª¦,headstone,0.0
1325,âš±,funeral urn,-0.36
1326,ğŸ—¿,moai,0.0
1327,ğŸª§,placard,0.0
1328,ğŸ§,ATM sign,0.0
1329,ğŸš®,litter in bin sign,0.0
1330,ğŸš°,potable water,0.0
1331,â™¿,wheelchair symbol,0.0
1332,ğŸš¹,menâ€™s room,0.0
1333,ğŸšº,womenâ€™s room,0.0
1334,ğŸš»,restroom,0.0
1335,ğŸš¼,baby symbol,0.0
1336,ğŸš¾,water closet,0.0
1337,ğŸ›‚,passport control,0.0
1338,ğŸ›ƒ,customs,0.0
1339,ğŸ›„,baggage claim,0.0
1340,ğŸ›…,left luggage,0.0
1341,âš ,warning,-0.34
1342,ğŸš¸,children crossing,0.0
1343,â›”,no entry,-0.3
1344,ğŸš«,prohibited,0.0
1345,ğŸš³,no bicycles,-0.3
1346,ğŸš­,no smoking,-0.3
1347,ğŸš¯,no littering,-0.3
1348,ğŸš±,non-potable water,0.0
1349,ğŸš·,no pedestrians,-0.3
1350,ğŸ“µ,no mobile phones,-0.3
1351,ğŸ”,no one under eighteen,-0.3
1352,â˜¢,radioactive,0.0
1353,â˜£,biohazard,0.0
1354,â¬†,up arrow,0.0
1355,â†—,up-right arrow,0.0
1356,â¡,right arrow,0.0
1357,â†˜,down-right arrow,0.0
1358,â¬‡,down arrow,0.0
1359,â†™,down-left arrow,0.0
1360,â¬…,left arrow,0.0
1361,â†–,up-left arrow,0.0
1362,â†•,up-down arrow,0.0
1363,â†”,left-right arrow,0.0
1364,â†©,right arrow curving left,0.0
1365,â†ª,left arrow curving right,0.0
1366,â¤´,right arrow curving up,0.0
1367,â¤µ,right arrow curving down,0.0
1368,ğŸ”ƒ,clockwise vertical arrows,0.0
1369,ğŸ”„,counterclockwise arrows button,0.0
1370,ğŸ”™,BACK arrow,0.0
1371,ğŸ”š,END arrow,0.0
1372,ğŸ”›,ON! arrow,0.0
1373,ğŸ”œ,SOON arrow,0.0
1374,ğŸ”,TOP arrow,0.37
1375,ğŸ›,place of worship,0.3
1376,âš›,atom symbol,0.0
1377,ğŸ•‰,om,0.0
1378,âœ¡,star of David,0.0
1379,â˜¸,wheel of dharma,0.0
1380,â˜¯,yin yang,0.0
1381,âœ,latin cross,0.0
1382,â˜¦,orthodox cross,0.0
1383,â˜ª,star and crescent,0.0
1384,â˜®,peace symbol,0.54
1385,ğŸ•,menorah,0.0
1386,ğŸ”¯,dotted six-pointed star,0.0
1387,â™ˆ,Aries,0.0
1388,â™‰,Taurus,0.0
1389,â™Š,Gemini,0.0
1390,â™‹,Cancer,-0.66
1391,â™Œ,Leo,0.0
1392,â™,Virgo,0.0
1393,â™,Libra,0.0
1394,â™,Scorpio,0.0
1395,â™,Sagittarius,0.0
1396,â™‘,Capricorn,0.0
1397,â™’,Aquarius,0.0
1398,â™“,Pisces,0.0
1399,â›,Ophiuchus,0.0
1400,ğŸ”€,shuffle tracks button,0.0
1401,ğŸ”,repeat button,0.0
1402,ğŸ”‚,repeat single button,0.0
1403,â–¶,play button,0.34
1404,â©,fast-forward button,0.0
1405,â­,next track button,0.0
1406,â¯,play or pause button,0.34
1407,â—€,reverse button,0.0
1408,âª,fast reverse button,0.0
1409,â®,last track button,0.0
1410,ğŸ”¼,upwards button,0.0
1411,â«,fast up button,0.0
1412,ğŸ”½,downwards button,0.0
1413,â¬,fast down button,0.0
1414,â¸,pause button,0.0
1415,â¹,stop button,-0.3
1416,âº,record button,0.0
1417,â,eject button,0.0
1418,ğŸ¦,cinema,0.0
1419,ğŸ”…,dim button,0.0
1420,ğŸ”†,bright button,0.44
1421,ğŸ“¶,antenna bars,0.0
1422,ğŸ“³,vibration mode,0.0
1423,ğŸ“´,mobile phone off,0.0
1424,â™€,female sign,0.0
1425,â™‚,male sign,0.0
1426,âš§,transgender symbol,0.0
1427,âœ–,multiply,0.0
1428,â•,plus,0.0
1429,â–,minus,0.0
1430,â—,divide,0.0
1431,â™¾,infinity,0.0
1432,â€¼,double exclamation mark,0.0
1433,â‰,exclamation question mark,0.0
1434,â“,red question mark,0.0
1435,â”,white question mark,0.0
1436,â•,white exclamation mark,0.0
1437,â—,red exclamation mark,0.0
1438,ã€°,wavy dash,0.0
1439,ğŸ’±,currency exchange,0.0
1440,ğŸ’²,heavy dollar sign,0.0
1441,âš•,medical symbol,0.0
1442,â™»,recycling symbol,0.0
1443,âšœ,fleur-de-lis,0.0
1444,ğŸ”±,trident emblem,0.0
1445,ğŸ“›,name badge,0.0
1446,ğŸ”°,Japanese symbol for beginner,0.0
1447,â­•,hollow red circle,0.0
1448,âœ…,check mark button,0.0
1449,â˜‘,check box with check,0.0
1450,âœ”,check mark,0.0
1451,âŒ,cross mark,0.0
1452,â,cross mark button,0.0
1453,â°,curly loop,0.0
1454,â¿,double curly loop,0.0
1455,ã€½,part alternation mark,0.0
1456,âœ³,eight-spoked asterisk,0.0
1457,âœ´,eight-pointed star,0.0
1458,â‡,sparkle,0.42
1459,Â©,copyright,0.0
1460,Â®,registered,0.0
1461,â„¢,trade mark,0.0
1462,#ï¸âƒ£,keycap: #,0.0
1463,*ï¸âƒ£,keycap: *,0.0
1464,0ï¸âƒ£,keycap: 0,0.0
1465,1ï¸âƒ£,keycap: 1,0.0
1466,2ï¸âƒ£,keycap: 2,0.0
1467,3ï¸âƒ£,keycap: 3,0.0
1468,4ï¸âƒ£,keycap: 4,0.0
1469,5ï¸âƒ£,keycap: 5,0.0
1470,6ï¸âƒ£,keycap: 6,0.0
1471,7ï¸âƒ£,keycap: 7,0.0
1472,8ï¸âƒ£,keycap: 8,0.0
1473,9ï¸âƒ£,keycap: 9,0.0
1474,ğŸ”Ÿ,keycap: 10,0.0
1475,ğŸ” ,input latin uppercase,0.0
1476,ğŸ”¡,input latin lowercase,0.08
1477,ğŸ”¢,input numbers,0.0
1478,ğŸ”£,input symbols,0.0
1479,ğŸ”¤,input latin letters,0.0
1480,ğŸ…°,A button (blood type),0.0
1481,ğŸ†,AB button (blood type),0.0
1482,ğŸ…±,B button (blood type),0.0
1483,ğŸ†‘,CL button,0.0
1484,ğŸ†’,COOL button,0.46
1485,ğŸ†“,FREE button,0.62
1486,â„¹,information,0.0
1487,ğŸ†”,ID button,0.0
1488,â“‚,circled M,0.0
1489,ğŸ†•,NEW button,0.0
1490,ğŸ†–,NG button,0.0
1491,ğŸ…¾,O button (blood type),0.0
1492,ğŸ†—,OK button,0.45
1493,ğŸ…¿,P button,0.0
1494,ğŸ†˜,SOS button,0.0
1495,ğŸ†™,UP! button,0.0
1496,ğŸ†š,VS button,0.0
1497,ğŸˆ,Japanese â€œhereâ€ button,0.0
1498,ğŸˆ‚,Japanese â€œservice chargeâ€ button,0.0
1499,ğŸˆ·,Japanese â€œmonthly amountâ€ button,0.0
1500,ğŸˆ¶,Japanese â€œnot free of chargeâ€ button,0.51
1501,ğŸˆ¯,Japanese â€œreservedâ€ button,0.0
1502,ğŸ‰,Japanese â€œbargainâ€ button,0.0
1503,ğŸˆ¹,Japanese â€œdiscountâ€ button,0.0
1504,ğŸˆš,Japanese â€œfree of chargeâ€ button,0.0
1505,ğŸˆ²,Japanese â€œprohibitedâ€ button,0.0
1506,ğŸ‰‘,Japanese â€œacceptableâ€ button,0.0
1507,ğŸˆ¸,Japanese â€œapplicationâ€ button,0.0
1508,ğŸˆ´,Japanese â€œpassing gradeâ€ button,0.0
1509,ğŸˆ³,Japanese â€œvacancyâ€ button,0.0
1510,ãŠ—,Japanese â€œcongratulationsâ€ button,0.0
1511,ãŠ™,Japanese â€œsecretâ€ button,0.0
1512,ğŸˆº,Japanese â€œopen for businessâ€ button,0.0
1513,ğŸˆµ,Japanese â€œno vacancyâ€ button,0.0
1514,ğŸ”´,red circle,0.0
1515,ğŸŸ ,orange circle,0.0
1516,ğŸŸ¡,yellow circle,0.0
1517,ğŸŸ¢,green circle,0.0
1518,ğŸ”µ,blue circle,0.0
1519,ğŸŸ£,purple circle,0.0
1520,ğŸŸ¤,brown circle,0.0
1521,âš«,black circle,0.0
1522,âšª,white circle,0.0
1523,ğŸŸ¥,red square,0.0
1524,ğŸŸ§,orange square,0.0
1525,ğŸŸ¨,yellow square,0.0
1526,ğŸŸ©,green square,0.0
1527,ğŸŸ¦,blue square,0.0
1528,ğŸŸª,purple square,0.0
1529,ğŸŸ«,brown square,0.0
1530,â¬›,black large square,0.0
1531,â¬œ,white large square,0.0
1532,â—¼,black medium square,0.0
1533,â—»,white medium square,0.0
1534,â—¾,black medium-small square,0.0
1535,â—½,white medium-small square,0.0
1536,â–ª,black small square,0.0
1537,â–«,white small square,0.0
1538,ğŸ”¶,large orange diamond,0.34
1539,ğŸ”·,large blue diamond,0.34
1540,ğŸ”¸,small orange diamond,0.34
1541,ğŸ”¹,small blue diamond,0.34
1542,ğŸ”º,red triangle pointed up,0.0
1543,ğŸ”»,red triangle pointed down,0.0
1544,ğŸ’ ,diamond with a dot,0.34
1545,ğŸ”˜,radio button,0.0
1546,ğŸ”³,white square button,0.0
1547,ğŸ”²,black square button,0.0
1548,ğŸ,chequered flag,0.0
1549,ğŸš©,triangular flag,0.0
1550,ğŸŒ,crossed flags,0.0
1551,ğŸ´,black flag,0.0
1552,ğŸ³,white flag,0.0
1553,ğŸ³ï¸â€ğŸŒˆ,rainbow flag,0.0
1554,ğŸ³ï¸â€âš§ï¸,transgender flag,0.0
1555,ğŸ´â€â˜ ï¸,pirate flag,0.0
1556,ğŸ‡¦ğŸ‡¨,flag: Ascension Island,0.0
1557,ğŸ‡¦ğŸ‡©,flag: Andorra,0.0
1558,ğŸ‡¦ğŸ‡ª,flag: United Arab Emirates,0.42
1559,ğŸ‡¦ğŸ‡«,flag: Afghanistan,0.0
1560,ğŸ‡¦ğŸ‡¬,flag: Antigua & Barbuda,0.0
1561,ğŸ‡¦ğŸ‡®,flag: Anguilla,0.0
1562,ğŸ‡¦ğŸ‡±,flag: Albania,0.0
1563,ğŸ‡¦ğŸ‡²,flag: Armenia,0.0
1564,ğŸ‡¦ğŸ‡´,flag: Angola,0.0
1565,ğŸ‡¦ğŸ‡¶,flag: Antarctica,0.0
1566,ğŸ‡¦ğŸ‡·,flag: Argentina,0.0
1567,ğŸ‡¦ğŸ‡¸,flag: American Samoa,0.0
1568,ğŸ‡¦ğŸ‡¹,flag: Austria,0.0
1569,ğŸ‡¦ğŸ‡º,flag: Australia,0.0
1570,ğŸ‡¦ğŸ‡¼,flag: Aruba,0.0
1571,ğŸ‡¦ğŸ‡½,flag: Ã…land Islands,0.0
1572,ğŸ‡¦ğŸ‡¿,flag: Azerbaijan,0.0
1573,ğŸ‡§ğŸ‡¦,flag: Bosnia & Herzegovina,0.0
1574,ğŸ‡§ğŸ‡§,flag: Barbados,0.0
1575,ğŸ‡§ğŸ‡©,flag: Bangladesh,0.0
1576,ğŸ‡§ğŸ‡ª,flag: Belgium,0.0
1577,ğŸ‡§ğŸ‡«,flag: Burkina Faso,0.0
1578,ğŸ‡§ğŸ‡¬,flag: Bulgaria,0.0
1579,ğŸ‡§ğŸ‡­,flag: Bahrain,0.0
1580,ğŸ‡§ğŸ‡®,flag: Burundi,0.0
1581,ğŸ‡§ğŸ‡¯,flag: Benin,0.0
1582,ğŸ‡§ğŸ‡±,flag: St. BarthÃ©lemy,0.0
1583,ğŸ‡§ğŸ‡²,flag: Bermuda,0.0
1584,ğŸ‡§ğŸ‡³,flag: Brunei,0.0
1585,ğŸ‡§ğŸ‡´,flag: Bolivia,0.0
1586,ğŸ‡§ğŸ‡¶,flag: Caribbean Netherlands,0.0
1587,ğŸ‡§ğŸ‡·,flag: Brazil,0.0
1588,ğŸ‡§ğŸ‡¸,flag: Bahamas,0.0
1589,ğŸ‡§ğŸ‡¹,flag: Bhutan,0.0
1590,ğŸ‡§ğŸ‡»,flag: Bouvet Island,0.0
1591,ğŸ‡§ğŸ‡¼,flag: Botswana,0.0
1592,ğŸ‡§ğŸ‡¾,flag: Belarus,0.0
1593,ğŸ‡§ğŸ‡¿,flag: Belize,0.0
1594,ğŸ‡¨ğŸ‡¦,flag: Canada,0.0
1595,ğŸ‡¨ğŸ‡¨,flag: Cocos (Keeling) Islands,0.0
1596,ğŸ‡¨ğŸ‡©,flag: Congo - Kinshasa,0.0
1597,ğŸ‡¨ğŸ‡«,flag: Central African Republic,0.0
1598,ğŸ‡¨ğŸ‡¬,flag: Congo - Brazzaville,0.0
1599,ğŸ‡¨ğŸ‡­,flag: Switzerland,0.0
1600,ğŸ‡¨ğŸ‡®,flag: CÃ´te dâ€™Ivoire,0.0
1601,ğŸ‡¨ğŸ‡°,flag: Cook Islands,0.0
1602,ğŸ‡¨ğŸ‡±,flag: Chile,0.0
1603,ğŸ‡¨ğŸ‡²,flag: Cameroon,0.0
1604,ğŸ‡¨ğŸ‡³,flag: China,0.0
1605,ğŸ‡¨ğŸ‡´,flag: Colombia,0.0
1606,ğŸ‡¨ğŸ‡µ,flag: Clipperton Island,0.0
1607,ğŸ‡¨ğŸ‡·,flag: Costa Rica,0.0
1608,ğŸ‡¨ğŸ‡º,flag: Cuba,0.0
1609,ğŸ‡¨ğŸ‡»,flag: Cape Verde,0.0
1610,ğŸ‡¨ğŸ‡¼,flag: CuraÃ§ao,0.0
1611,ğŸ‡¨ğŸ‡½,flag: Christmas Island,0.0
1612,ğŸ‡¨ğŸ‡¾,flag: Cyprus,0.0
1613,ğŸ‡¨ğŸ‡¿,flag: Czechia,0.0
1614,ğŸ‡©ğŸ‡ª,flag: Germany,0.0
1615,ğŸ‡©ğŸ‡¬,flag: Diego Garcia,0.0
1616,ğŸ‡©ğŸ‡¯,flag: Djibouti,0.0
1617,ğŸ‡©ğŸ‡°,flag: Denmark,0.0
1618,ğŸ‡©ğŸ‡²,flag: Dominica,0.0
1619,ğŸ‡©ğŸ‡´,flag: Dominican Republic,0.0
1620,ğŸ‡©ğŸ‡¿,flag: Algeria,0.0
1621,ğŸ‡ªğŸ‡¦,flag: Ceuta & Melilla,0.0
1622,ğŸ‡ªğŸ‡¨,flag: Ecuador,0.0
1623,ğŸ‡ªğŸ‡ª,flag: Estonia,0.0
1624,ğŸ‡ªğŸ‡¬,flag: Egypt,0.0
1625,ğŸ‡ªğŸ‡­,flag: Western Sahara,0.0
1626,ğŸ‡ªğŸ‡·,flag: Eritrea,0.0
1627,ğŸ‡ªğŸ‡¸,flag: Spain,0.0
1628,ğŸ‡ªğŸ‡¹,flag: Ethiopia,0.0
1629,ğŸ‡ªğŸ‡º,flag: European Union,0.0
1630,ğŸ‡«ğŸ‡®,flag: Finland,0.0
1631,ğŸ‡«ğŸ‡¯,flag: Fiji,0.0
1632,ğŸ‡«ğŸ‡°,flag: Falkland Islands,0.0
1633,ğŸ‡«ğŸ‡²,flag: Micronesia,0.0
1634,ğŸ‡«ğŸ‡´,flag: Faroe Islands,0.0
1635,ğŸ‡«ğŸ‡·,flag: France,0.0
1636,ğŸ‡¬ğŸ‡¦,flag: Gabon,0.0
1637,ğŸ‡¬ğŸ‡§,flag: United Kingdom,0.42
1638,ğŸ‡¬ğŸ‡©,flag: Grenada,0.0
1639,ğŸ‡¬ğŸ‡ª,flag: Georgia,0.0
1640,ğŸ‡¬ğŸ‡«,flag: French Guiana,0.0
1641,ğŸ‡¬ğŸ‡¬,flag: Guernsey,0.0
1642,ğŸ‡¬ğŸ‡­,flag: Ghana,0.0
1643,ğŸ‡¬ğŸ‡®,flag: Gibraltar,0.0
1644,ğŸ‡¬ğŸ‡±,flag: Greenland,0.0
1645,ğŸ‡¬ğŸ‡²,flag: Gambia,0.0
1646,ğŸ‡¬ğŸ‡³,flag: Guinea,0.0
1647,ğŸ‡¬ğŸ‡µ,flag: Guadeloupe,0.0
1648,ğŸ‡¬ğŸ‡¶,flag: Equatorial Guinea,0.0
1649,ğŸ‡¬ğŸ‡·,flag: Greece,0.0
1650,ğŸ‡¬ğŸ‡¸,flag: South Georgia & South Sandwich Islands,0.0
1651,ğŸ‡¬ğŸ‡¹,flag: Guatemala,0.0
1652,ğŸ‡¬ğŸ‡º,flag: Guam,0.0
1653,ğŸ‡¬ğŸ‡¼,flag: Guinea-Bissau,0.0
1654,ğŸ‡¬ğŸ‡¾,flag: Guyana,0.0
1655,ğŸ‡­ğŸ‡°,flag: Hong Kong SAR China,0.0
1656,ğŸ‡­ğŸ‡²,flag: Heard & McDonald Islands,0.0
1657,ğŸ‡­ğŸ‡³,flag: Honduras,0.0
1658,ğŸ‡­ğŸ‡·,flag: Croatia,0.0
1659,ğŸ‡­ğŸ‡¹,flag: Haiti,0.0
1660,ğŸ‡­ğŸ‡º,flag: Hungary,0.0
1661,ğŸ‡®ğŸ‡¨,flag: Canary Islands,0.0
1662,ğŸ‡®ğŸ‡©,flag: Indonesia,0.0
1663,ğŸ‡®ğŸ‡ª,flag: Ireland,0.0
1664,ğŸ‡®ğŸ‡±,flag: Israel,0.0
1665,ğŸ‡®ğŸ‡²,flag: Isle of Man,0.0
1666,ğŸ‡®ğŸ‡³,flag: India,0.0
1667,ğŸ‡®ğŸ‡´,flag: British Indian Ocean Territory,0.0
1668,ğŸ‡®ğŸ‡¶,flag: Iraq,0.0
1669,ğŸ‡®ğŸ‡·,flag: Iran,0.0
1670,ğŸ‡®ğŸ‡¸,flag: Iceland,0.0
1671,ğŸ‡®ğŸ‡¹,flag: Italy,0.0
1672,ğŸ‡¯ğŸ‡ª,flag: Jersey,0.0
1673,ğŸ‡¯ğŸ‡²,flag: Jamaica,0.0
1674,ğŸ‡¯ğŸ‡´,flag: Jordan,0.0
1675,ğŸ‡¯ğŸ‡µ,flag: Japan,0.0
1676,ğŸ‡°ğŸ‡ª,flag: Kenya,0.0
1677,ğŸ‡°ğŸ‡¬,flag: Kyrgyzstan,0.0
1678,ğŸ‡°ğŸ‡­,flag: Cambodia,0.0
1679,ğŸ‡°ğŸ‡®,flag: Kiribati,0.0
1680,ğŸ‡°ğŸ‡²,flag: Comoros,0.0
1681,ğŸ‡°ğŸ‡³,flag: St. Kitts & Nevis,0.0
1682,ğŸ‡°ğŸ‡µ,flag: North Korea,0.0
1683,ğŸ‡°ğŸ‡·,flag: South Korea,0.0
1684,ğŸ‡°ğŸ‡¼,flag: Kuwait,0.0
1685,ğŸ‡°ğŸ‡¾,flag: Cayman Islands,0.0
1686,ğŸ‡°ğŸ‡¿,flag: Kazakhstan,0.0
1687,ğŸ‡±ğŸ‡¦,flag: Laos,0.0
1688,ğŸ‡±ğŸ‡§,flag: Lebanon,0.0
1689,ğŸ‡±ğŸ‡¨,flag: St. Lucia,0.0
1690,ğŸ‡±ğŸ‡®,flag: Liechtenstein,0.0
1691,ğŸ‡±ğŸ‡°,flag: Sri Lanka,0.0
1692,ğŸ‡±ğŸ‡·,flag: Liberia,0.0
1693,ğŸ‡±ğŸ‡¸,flag: Lesotho,0.0
1694,ğŸ‡±ğŸ‡¹,flag: Lithuania,0.0
1695,ğŸ‡±ğŸ‡º,flag: Luxembourg,0.0
1696,ğŸ‡±ğŸ‡»,flag: Latvia,0.0
1697,ğŸ‡±ğŸ‡¾,flag: Libya,0.0
1698,ğŸ‡²ğŸ‡¦,flag: Morocco,0.0
1699,ğŸ‡²ğŸ‡¨,flag: Monaco,0.0
1700,ğŸ‡²ğŸ‡©,flag: Moldova,0.0
1701,ğŸ‡²ğŸ‡ª,flag: Montenegro,0.0
1702,ğŸ‡²ğŸ‡«,flag: St. Martin,0.0
1703,ğŸ‡²ğŸ‡¬,flag: Madagascar,0.0
1704,ğŸ‡²ğŸ‡­,flag: Marshall Islands,0.0
1705,ğŸ‡²ğŸ‡°,flag: North Macedonia,0.0
1706,ğŸ‡²ğŸ‡±,flag: Mali,0.0
1707,ğŸ‡²ğŸ‡²,flag: Myanmar (Burma),0.0
1708,ğŸ‡²ğŸ‡³,flag: Mongolia,0.0
1709,ğŸ‡²ğŸ‡´,flag: Macao SAR China,0.0
1710,ğŸ‡²ğŸ‡µ,flag: Northern Mariana Islands,0.0
1711,ğŸ‡²ğŸ‡¶,flag: Martinique,0.0
1712,ğŸ‡²ğŸ‡·,flag: Mauritania,0.0
1713,ğŸ‡²ğŸ‡¸,flag: Montserrat,0.0
1714,ğŸ‡²ğŸ‡¹,flag: Malta,0.0
1715,ğŸ‡²ğŸ‡º,flag: Mauritius,0.0
1716,ğŸ‡²ğŸ‡»,flag: Maldives,0.0
1717,ğŸ‡²ğŸ‡¼,flag: Malawi,0.0
1718,ğŸ‡²ğŸ‡½,flag: Mexico,0.0
1719,ğŸ‡²ğŸ‡¾,flag: Malaysia,0.0
1720,ğŸ‡²ğŸ‡¿,flag: Mozambique,0.0
1721,ğŸ‡³ğŸ‡¦,flag: Namibia,0.0
1722,ğŸ‡³ğŸ‡¨,flag: New Caledonia,0.0
1723,ğŸ‡³ğŸ‡ª,flag: Niger,0.0
1724,ğŸ‡³ğŸ‡«,flag: Norfolk Island,0.0
1725,ğŸ‡³ğŸ‡¬,flag: Nigeria,0.0
1726,ğŸ‡³ğŸ‡®,flag: Nicaragua,0.0
1727,ğŸ‡³ğŸ‡±,flag: Netherlands,0.0
1728,ğŸ‡³ğŸ‡´,flag: Norway,0.0
1729,ğŸ‡³ğŸ‡µ,flag: Nepal,0.0
1730,ğŸ‡³ğŸ‡·,flag: Nauru,0.0
1731,ğŸ‡³ğŸ‡º,flag: Niue,0.0
1732,ğŸ‡³ğŸ‡¿,flag: New Zealand,0.0
1733,ğŸ‡´ğŸ‡²,flag: Oman,0.0
1734,ğŸ‡µğŸ‡¦,flag: Panama,0.0
1735,ğŸ‡µğŸ‡ª,flag: Peru,0.0
1736,ğŸ‡µğŸ‡«,flag: French Polynesia,0.0
1737,ğŸ‡µğŸ‡¬,flag: Papua New Guinea,0.0
1738,ğŸ‡µğŸ‡­,flag: Philippines,0.0
1739,ğŸ‡µğŸ‡°,flag: Pakistan,0.0
1740,ğŸ‡µğŸ‡±,flag: Poland,0.0
1741,ğŸ‡µğŸ‡²,flag: St. Pierre & Miquelon,0.0
1742,ğŸ‡µğŸ‡³,flag: Pitcairn Islands,0.0
1743,ğŸ‡µğŸ‡·,flag: Puerto Rico,0.0
1744,ğŸ‡µğŸ‡¸,flag: Palestinian Territories,0.0
1745,ğŸ‡µğŸ‡¹,flag: Portugal,0.0
1746,ğŸ‡µğŸ‡¼,flag: Palau,0.0
1747,ğŸ‡µğŸ‡¾,flag: Paraguay,0.0
1748,ğŸ‡¶ğŸ‡¦,flag: Qatar,0.0
1749,ğŸ‡·ğŸ‡ª,flag: RÃ©union,0.0
1750,ğŸ‡·ğŸ‡´,flag: Romania,0.0
1751,ğŸ‡·ğŸ‡¸,flag: Serbia,0.0
1752,ğŸ‡·ğŸ‡º,flag: Russia,0.0
1753,ğŸ‡·ğŸ‡¼,flag: Rwanda,0.0
1754,ğŸ‡¸ğŸ‡¦,flag: Saudi Arabia,0.0
1755,ğŸ‡¸ğŸ‡§,flag: Solomon Islands,0.0
1756,ğŸ‡¸ğŸ‡¨,flag: Seychelles,0.0
1757,ğŸ‡¸ğŸ‡©,flag: Sudan,0.0
1758,ğŸ‡¸ğŸ‡ª,flag: Sweden,0.0
1759,ğŸ‡¸ğŸ‡¬,flag: Singapore,0.0
1760,ğŸ‡¸ğŸ‡­,flag: St. Helena,0.0
1761,ğŸ‡¸ğŸ‡®,flag: Slovenia,0.0
1762,ğŸ‡¸ğŸ‡¯,flag: Svalbard & Jan Mayen,0.0
1763,ğŸ‡¸ğŸ‡°,flag: Slovakia,0.0
1764,ğŸ‡¸ğŸ‡±,flag: Sierra Leone,0.0
1765,ğŸ‡¸ğŸ‡²,flag: San Marino,0.0
1766,ğŸ‡¸ğŸ‡³,flag: Senegal,0.0
1767,ğŸ‡¸ğŸ‡´,flag: Somalia,0.0
1768,ğŸ‡¸ğŸ‡·,flag: Suriname,0.0
1769,ğŸ‡¸ğŸ‡¸,flag: South Sudan,0.0
1770,ğŸ‡¸ğŸ‡¹,flag: SÃ£o TomÃ© & PrÃ­ncipe,0.0
1771,ğŸ‡¸ğŸ‡»,flag: El Salvador,0.0
1772,ğŸ‡¸ğŸ‡½,flag: Sint Maarten,0.0
1773,ğŸ‡¸ğŸ‡¾,flag: Syria,0.0
1774,ğŸ‡¸ğŸ‡¿,flag: Eswatini,0.0
1775,ğŸ‡¹ğŸ‡¦,flag: Tristan da Cunha,0.0
1776,ğŸ‡¹ğŸ‡¨,flag: Turks & Caicos Islands,0.0
1777,ğŸ‡¹ğŸ‡©,flag: Chad,0.0
1778,ğŸ‡¹ğŸ‡«,flag: French Southern Territories,0.0
1779,ğŸ‡¹ğŸ‡¬,flag: Togo,0.0
1780,ğŸ‡¹ğŸ‡­,flag: Thailand,0.0
1781,ğŸ‡¹ğŸ‡¯,flag: Tajikistan,0.0
1782,ğŸ‡¹ğŸ‡°,flag: Tokelau,0.0
1783,ğŸ‡¹ğŸ‡±,flag: Timor-Leste,0.0
1784,ğŸ‡¹ğŸ‡²,flag: Turkmenistan,0.0
1785,ğŸ‡¹ğŸ‡³,flag: Tunisia,0.0
1786,ğŸ‡¹ğŸ‡´,flag: Tonga,0.0
1787,ğŸ‡¹ğŸ‡·,flag: Turkey,0.0
1788,ğŸ‡¹ğŸ‡¹,flag: Trinidad & Tobago,0.0
1789,ğŸ‡¹ğŸ‡»,flag: Tuvalu,0.0
1790,ğŸ‡¹ğŸ‡¼,flag: Taiwan,0.0
1791,ğŸ‡¹ğŸ‡¿,flag: Tanzania,0.0
1792,ğŸ‡ºğŸ‡¦,flag: Ukraine,0.0
1793,ğŸ‡ºğŸ‡¬,flag: Uganda,0.0
1794,ğŸ‡ºğŸ‡²,flag: U.S. Outlying Islands,0.0
1795,ğŸ‡ºğŸ‡³,flag: United Nations,0.42
1796,ğŸ‡ºğŸ‡¸,flag: United States,0.42
1797,ğŸ‡ºğŸ‡¾,flag: Uruguay,0.0
1798,ğŸ‡ºğŸ‡¿,flag: Uzbekistan,0.0
1799,ğŸ‡»ğŸ‡¦,flag: Vatican City,0.0
1800,ğŸ‡»ğŸ‡¨,flag: St. Vincent & Grenadines,0.0
1801,ğŸ‡»ğŸ‡ª,flag: Venezuela,0.0
1802,ğŸ‡»ğŸ‡¬,flag: British Virgin Islands,0.0
1803,ğŸ‡»ğŸ‡®,flag: U.S. Virgin Islands,0.0
1804,ğŸ‡»ğŸ‡³,flag: Vietnam,0.0
1805,ğŸ‡»ğŸ‡º,flag: Vanuatu,0.0
1806,ğŸ‡¼ğŸ‡«,flag: Wallis & Futuna,0.0
1807,ğŸ‡¼ğŸ‡¸,flag: Samoa,0.0
1808,ğŸ‡½ğŸ‡°,flag: Kosovo,0.0
1809,ğŸ‡¾ğŸ‡ª,flag: Yemen,0.0
1810,ğŸ‡¾ğŸ‡¹,flag: Mayotte,0.0
1811,ğŸ‡¿ğŸ‡¦,flag: South Africa,0.0
1812,ğŸ‡¿ğŸ‡²,flag: Zambia,0.0
1813,ğŸ‡¿ğŸ‡¼,flag: Zimbabwe,0.0
1814,ğŸ´ó §ó ¢ó ¥ó ®ó §ó ¿,flag: England,0.0
1815,ğŸ´ó §ó ¢ó ³ó £ó ´ó ¿,flag: Scotland,0.0
1816,ğŸ´ó §ó ¢ó ·ó ¬ó ³ó ¿,flag: Wales,0.0
